project_name,location,location_map,location_match
Avida Towers Verte,"Taguig, Metro Manila","BGC, Taguig, Metro Manila",True
Two Central,"Makati, Metro Manila","Bel-Air, Makati, Metro Manila",True
Avida Towers Prime Taft,"Pasay, Metro Manila","Barangay 36, Pasay, Metro Manila",True
Sage Residences,"Mandaluyong, Metro Manila","Mauway, Mandaluyong, Metro Manila",True
Avida Towers Turf,"Taguig, Metro Manila","BGC, Taguig, Metro Manila",True
The Trion Towers II,"Taguig, Metro Manila","BGC, Taguig, Metro Manila",True
Coastal Luxury Residences,"Parañaque, Metro Manila","Tambo, Parañaque, Metro Manila",True
Greenbelt Chancellor,"Makati, Metro Manila","San Lorenzo, Makati, Metro Manila",True
Kizuna Heights,"Pasay, Metro Manila","Malate, Manila, Metro Manila",False
Two Roxas Triangle,Metro Manila,"Urdaneta, Makati, Metro Manila",True
Coast Residences,"Pasay, Metro Manila","Barangay 76, Pasay, Metro Manila",True
The Velaris Residences,Metro Manila,"Manggahan, Pasig, Metro Manila",True
Icon Residences,"Taguig, Metro Manila","BGC, Taguig, Metro Manila",True
Allegra Garden Place,"Pasig, Metro Manila","Bagong Ilog, Pasig, Metro Manila",True
Alder Residences,"Taguig, Metro Manila","San Miguel, Taguig, Metro Manila",True
The Crestmont,Metro Manila,"South Triangle, Quezon City, Metro Manila",True
Cameron Residences,"Quezon City, Metro Manila","Mariblo, Quezon City, Metro Manila",True
Belize Oasis,"Muntinlupa, Metro Manila","Alabang, Muntinlupa, Metro Manila",True
Shang Residences Wack Wack,"Mandaluyong, Metro Manila","Addition Hills, Mandaluyong, Metro Manila",True
Valencia Hills,"Quezon City, Metro Manila","Valencia, Quezon City, Metro Manila",True
Siena Tower,"Pasay, Metro Manila","Marikina, Metro Manila",False
The Capital Towers,"Quezon City, Metro Manila","Kalusugan, Quezon City, Metro Manila",True
The Residences at Greenbelt,"Makati, Metro Manila","San Lorenzo, Makati, Metro Manila",True
The Residences at Bonifacio Civic Center,"Taguig, Metro Manila","BGC, Taguig, Metro Manila",True
110 Benavidez,"Makati, Metro Manila","San Lorenzo, Makati, Metro Manila",True
Southkey Place,"Muntinlupa, Metro Manila","Alabang, Muntinlupa, Metro Manila",True
Woodsville Crest 3,"Parañaque, Metro Manila","Merville, Parañaque, Metro Manila",True
Regent Parkway,"Taguig, Metro Manila","BGC, Taguig, Metro Manila",True
Pacific Plaza Tower,"Taguig, Metro Manila","BGC, Taguig, Metro Manila",True
Arya Residences Tower 2,"Taguig, Metro Manila","BGC, Taguig, Metro Manila",True
Arya Residences Tower 1,"Taguig, Metro Manila","BGC, Taguig, Metro Manila",True
The Linear,"Makati, Metro Manila","San Antonio, Makati, Metro Manila",True
The Levels,"Muntinlupa, Metro Manila","Alabang, Muntinlupa, Metro Manila",True
Studio City,"Muntinlupa, Metro Manila","Alabang, Muntinlupa, Metro Manila",True
One Sierra,"Mandaluyong, Metro Manila","Highway Hills, Mandaluyong, Metro Manila",True
The Hermosa,"Las Piñas, Metro Manila","Pulang Lupa Uno, Las Piñas, Metro Manila",True
Sands Residences,"Manila, Metro Manila","Malate, Manila, Metro Manila",True
Mint Residences,"Makati, Metro Manila","Urdaneta, Makati, Metro Manila",True
Pine Crest Towers,"Quezon City, Metro Manila","Pasong Tamo, Quezon City, Metro Manila",True
Torre Lorenzo Malate,"Manila, Metro Manila","Malate, Manila, Metro Manila",True
Torre Lorenzo Loyola,"Quezon City, Metro Manila","Loyola Heights, Quezon City, Metro Manila",True
3Torre Lorenzo,"Manila, Metro Manila","Malate, Manila, Metro Manila",True
South 2 Residences,"Las Piñas, Metro Manila","Almanza Uno, Las Piñas, Metro Manila",True
Acacia Escalades,"Pasig, Metro Manila","Manggahan, Pasig, Metro Manila",True
The Radiance Manila Bay – North Tower,"Pasay, Metro Manila","Barangay 2, Pasay, Metro Manila",True
"The Magnolia residences – Tower A, B, and C","Quezon City, Metro Manila","Kaunlaran, Quezon City, Metro Manila",True
The Magnolia residences – Tower D,"Quezon City, Metro Manila","Kaunlaran, Quezon City, Metro Manila",True
The Radiance Manila Bay – South Tower,"Pasay, Metro Manila","Barangay 2, Pasay, Metro Manila",True
The Sapphire Bloc – East Tower,"Pasig, Metro Manila","San Antonio, Pasig, Metro Manila",True
Acacia Escalades – Building B,"Pasig, Metro Manila","Manggahan, Pasig, Metro Manila",True
Gem Residences,"Pasig, Metro Manila","Ugong, Pasig, Metro Manila",True
Viento at Cerca,"Muntinlupa, Metro Manila","Almanza Dos, Las Piñas, Metro Manila",False
Parkford Suites Legazpi,"Makati, Metro Manila","San Lorenzo, Makati, Metro Manila",True
Park Cascades at Arca South,"Taguig, Metro Manila","Western Bicutan, Taguig, Metro Manila",True
Orean Place at Vertis North,"Quezon City, Metro Manila","Bagong Pag-Asa, Quezon City, Metro Manila",True
The Spectrum,"Pasig, Metro Manila","Wack-Wack Greenhills, Mandaluyong, Metro Manila",False
MidPark Towers,"Parañaque, Metro Manila","Baclaran, Parañaque, Metro Manila",True
The Arton,"Quezon City, Metro Manila","Loyola Heights, Quezon City, Metro Manila",True
Avida Towers Verge,"Mandaluyong, Metro Manila","Highway Hills, Mandaluyong, Metro Manila",True
La Vie Flats,"Muntinlupa, Metro Manila","Alabang, Muntinlupa, Metro Manila",True
Hawthorne Heights,"Quezon City, Metro Manila","Loyola Heights, Quezon City, Metro Manila",True
Shore 3 Residences,"Pasay, Metro Manila","Barangay 76, Pasay, Metro Manila",True
S Residences,"Pasay, Metro Manila","Barangay 76, Pasay, Metro Manila",True
Mergent Residences,"Makati, Metro Manila","Poblacion, Makati, Metro Manila",True
The Lattice at Parklinks,"Pasig, Metro Manila","Ugong Norte, Quezon City, Metro Manila",False
Avida Towers Cloverleaf,"Quezon City, Metro Manila","Balingasa, Quezon City, Metro Manila",True
Arbor Lanes,"Taguig, Metro Manila","Western Bicutan, Taguig, Metro Manila",True
Callisto 2,"Makati, Metro Manila","Carmona, Makati, Metro Manila",True
Garden Court,"Taguig, Metro Manila","Western Bicutan, Taguig, Metro Manila",True
Portico,"Pasig, Metro Manila","Oranbo, Pasig, Metro Manila",True
Sentrove at Cloverleaf,"Quezon City, Metro Manila","Balingasa, Quezon City, Metro Manila",True
Palm Beach West,"Pasay, Metro Manila","Barangay 76, Pasay, Metro Manila",True
Copeton Baysuites,"Parañaque, Metro Manila","Tambo, Parañaque, Metro Manila",True
Light 2 Residences,"Mandaluyong, Metro Manila","Barangka Ilaya, Mandaluyong, Metro Manila",True
Gold Residences,"Parañaque, Metro Manila","Santo Niño, Parañaque, Metro Manila",True
South Beach Place,"Parañaque, Metro Manila","Tambo, Parañaque, Metro Manila",True
Cirrus,"Pasig, Metro Manila","Manggahan, Pasig, Metro Manila",True
Verde Spatial,"Quezon City, Metro Manila","Commonwealth, Quezon City, Metro Manila",True
Santorini at The Lakefront,"Muntinlupa, Metro Manila","Sucat, Muntinlupa, Metro Manila",True
Glam Residences,"Quezon City, Metro Manila","South Triangle, Quezon City, Metro Manila",True
Sail Residences,"Pasay, Metro Manila","Barangay 76, Pasay, Metro Manila",True
Leaf Residences,"Muntinlupa, Metro Manila","Tunasan, Muntinlupa, Metro Manila",True
Bloom Residences,"Parañaque, Metro Manila","San Antonio, Parañaque, Metro Manila",True
The Larsen Tower at East Bay Residences,"Muntinlupa, Metro Manila","Sucat, Muntinlupa, Metro Manila",True
Activa Flex,"Quezon City, Metro Manila","E. Rodriguez, Quezon City, Metro Manila",True
The Royalton at Capitol Commons,"Pasig, Metro Manila","Oranbo, Pasig, Metro Manila",True
Maple at Verdant Towers,"Pasig, Metro Manila","Ugong, Pasig, Metro Manila",True
Red Residences,"Makati, Metro Manila","Pio Del Pilar, Makati, Metro Manila",True
Lush Residences,"Makati, Metro Manila","San Antonio, Makati, Metro Manila",True
Vine Residences,"Quezon City, Metro Manila","San Bartolome, Quezon City, Metro Manila",True
Satori Residences,"Pasig, Metro Manila","Santolan, Pasig, Metro Manila",True
The Atherton,"Parañaque, Metro Manila","San Antonio, Parañaque, Metro Manila",True
The Imperium at Capitol Commons,"Pasig, Metro Manila","Oranbo, Pasig, Metro Manila",True
The Connor at Greenhhills,"San Juan, Metro Manila","Little Baguio, San Juan, Metro Manila",True
Circulo Verde,"Quezon City, Metro Manila","Manggahan, Pasig, Metro Manila",False
Studio 7,"Quezon City, Metro Manila","South Triangle, Quezon City, Metro Manila",True
Panglao Oasis,"Taguig, Metro Manila","Pinagsama, Taguig, Metro Manila",True
Maven,"Pasig, Metro Manila","Oranbo, Pasig, Metro Manila",True
The Residences at Commonwealth Quezon City,"Quezon City, Metro Manila","Batasan Hills, Quezon City, Metro Manila",True
Trump Towers,"Makati, Metro Manila","Poblacion, Makati, Metro Manila",True
The Milano Residences,"Makati, Metro Manila","Poblacion, Makati, Metro Manila",True
Aurora Escalades_,"Quezon City, Metro Manila","San Roque, Quezon City, Metro Manila",True
Fairlane Residences,"Pasig, Metro Manila","Kapitolyo, Pasig, Metro Manila",True
12 Luxury Flats,"San Juan, Metro Manila","Little Baguio, San Juan, Metro Manila",True
Kai Garden Residences,"Mandaluyong, Metro Manila","Malamig, Mandaluyong, Metro Manila",True
Omni Gardens,"Manila, Metro Manila","Quiapo, Manila, Metro Manila",True
The Olive Place,"Mandaluyong, Metro Manila","Plainview, Mandaluyong, Metro Manila",True
The Orabella,"Quezon City, Metro Manila","Pasong Tamo, Quezon City, Metro Manila",True
One Eastwood Avenue Tower 2,"Quezon City, Metro Manila","Pasong Tamo, Quezon City, Metro Manila",True
One Eastwood Avenue Tower 1,"Quezon City, Metro Manila","Pasong Tamo, Quezon City, Metro Manila",True
Calathea Place,"Parañaque, Metro Manila","San Antonio, Parañaque, Metro Manila",True
Palm Grove,"Parañaque, Metro Manila","Don Bosco, Parañaque, Metro Manila",True
The Residences at The Westin Manila Sonata Place,"Mandaluyong, Metro Manila","Wack-Wack Greenhills, Mandaluyong, Metro Manila",True
Sunshine 100 City Plaza,"Mandaluyong, Metro Manila","Buayang Bato, Mandaluyong, Metro Manila",True
Pacific Plaza Condominium,"Makati, Metro Manila","Urdaneta, Makati, Metro Manila",True
Mercedes Residences,"Pasig, Metro Manila","San Miguel, Pasig, Metro Manila",True
SMDC LIGHT RESIDENCE,"Mandaluyong, Metro Manila","Plainview, Mandaluyong, Metro Manila",True
Prisma Residences,"Pasig, Metro Manila","Bagong Ilog, Pasig, Metro Manila",True
Bay Area Suites Condominium,"Manila, Metro Manila","Quiapo, Manila, Metro Manila",True
Oak Harbor Residences,"Parañaque, Metro Manila","Don Bosco, Parañaque, Metro Manila",True
INFINA TOWERS,"Quezon City, Metro Manila","Marilag, Quezon City, Metro Manila",True
LAKEVIEW MANORS,"Taguig, Metro Manila","Ususan, Taguig, Metro Manila",True
Brixton Place,"Pasig, Metro Manila","Kapitolyo, Pasig, Metro Manila",True
THE CELANDINE,"Quezon City, Metro Manila","Balingasa, Quezon City, Metro Manila",True
San francisco Garden Condominium,"Mandaluyong, Metro Manila","Barangka Itaas, Mandaluyong, Metro Manila",True
The Courtyard at the Pacific Residences,"Las Piñas, Metro Manila","Salawag, Dasmariñas, Cavite",False
The Currency - Commercial and Office Units for Sale,"Pasig, Metro Manila","San Antonio, Pasig, Metro Manila",True
Melbourne Residences,"Makati, Metro Manila","Urdaneta, Makati, Metro Manila",True
The Trion Towers I,"Taguig, Metro Manila","BGC, Taguig, Metro Manila",True
West Gallery Place,"Taguig, Metro Manila","BGC, Taguig, Metro Manila",True
Park Central Towers,"Makati, Metro Manila","Urdaneta, Makati, Metro Manila",True
Woodsville Viverde Mansions,"Parañaque, Metro Manila","Merville, Parañaque, Metro Manila",True
The Fifth Avenue Place,"Taguig, Metro Manila","BGC, Taguig, Metro Manila",True
Escalades South Metro,Metro Manila,"Salapan, San Juan, Metro Manila",True
Escalades @20th Avenue,"Quezon City, Metro Manila","San Roque, Quezon City, Metro Manila",True
Adriatico Place,"Manila, Metro Manila","Malate, Manila, Metro Manila",True
"Asiana Oasis, Parañaque City","Parañaque, Metro Manila","Metro Manila, Parañaque",False
Chimes Greenhills,"San Juan, Metro Manila","Greenhills, San Juan, Metro Manila",True
Acacia Escalades,"Pasig, Metro Manila","Manggahan, Pasig, Metro Manila",True
Amaia Steps Bicutan 1,"Parañaque, Metro Manila","Sun Valley, Parañaque, Metro Manila",True
Amaia Steps Alabang,"Las Piñas, Metro Manila","Almanza Dos, Las Piñas, Metro Manila",True
Amaia Skies Sta. Mesa - South Tower,"Manila, Metro Manila","Quiapo, Manila, Metro Manila",True
Amaia Skies Shaw - North Tower,"Mandaluyong, Metro Manila","Plainview, Mandaluyong, Metro Manila",True
Amaia Skies Cubao,"Quezon City, Metro Manila","Pasong Tamo, Quezon City, Metro Manila",True
Amaia Skies Avenida - North Tower,"Manila, Metro Manila","Quiapo, Manila, Metro Manila",True
High Street South Block,"Taguig, Metro Manila","Pinagsama, Taguig, Metro Manila",True
The Suites at One Bonifacio High Street,"Taguig, Metro Manila","Pinagsama, Taguig, Metro Manila",True
One Serendra,"Taguig, Metro Manila","BGC, Taguig, Metro Manila",True
Avida Towers Vita,"Quezon City, Metro Manila","Metro Manila, Quezon City",False
Avida Towers Davao,Metro Manila,Metro Manila,True
One Park Drive,"Taguig, Metro Manila","Metro Manila, Taguig",False
Greenbelt Hamilton 2,"Makati, Metro Manila","San Lorenzo, Makati, Metro Manila",True
San Antonio Residence,"Makati, Metro Manila","San Antonio, Makati, Metro Manila",True
Tres Palmas,"Taguig, Metro Manila","Bagong Tanyag, Taguig, Metro Manila",True
Axis Residences,"Mandaluyong, Metro Manila","Highway Hills, Mandaluyong, Metro Manila",True
Raya Gardens,"Parañaque, Metro Manila","Merville, Parañaque, Metro Manila",True
Alphaland Makati Place,"Makati, Metro Manila","Bangkal, Makati, Metro Manila",True
Icon Plaza,"Taguig, Metro Manila","BGC, Taguig, Metro Manila",True
symfoni kamias,"Quezon City, Metro Manila","Ramon Magsaysay, Quezon City, Metro Manila",True
Manggahan Village,"Pasig, Metro Manila","Bagong Ilog, Pasig, Metro Manila",True
Fairways Tower,"Taguig, Metro Manila","BGC, Taguig, Metro Manila",True
Solano Hills Sucat,"Muntinlupa, Metro Manila","Alabang, Muntinlupa, Metro Manila",True
Arezzo Place Pasig,"Pasig, Metro Manila","San Joaquin, Pasig, Metro Manila",True
ASIA Enclaves Alabang,"Muntinlupa, Metro Manila","Alabang, Muntinlupa, Metro Manila",True
Flora Vista,"Quezon City, Metro Manila","Commonwealth, Quezon City, Metro Manila",True
San Benissa Garden,"Quezon City, Metro Manila","Pasong Putik Proper, Quezon City, Metro Manila",True
Spazio Bernardo West Villas,"Quezon City, Metro Manila","Gulod, Quezon City, Metro Manila",True
Sunny Villas,"Quezon City, Metro Manila","Gulod, Quezon City, Metro Manila",True
The Forbes Hall,"Manila, Metro Manila","Manila, Metro Manila",True
Shangri-La at The Fort,"Taguig, Metro Manila","Bagong Tanyag, Taguig, Metro Manila",True
BRESCIA RESIDENCES,"Quezon City, Metro Manila","Pasong Tamo, Quezon City, Metro Manila",True
PINE CREST,"Quezon City, Metro Manila","Mariana, Quezon City, Metro Manila",True
PRESIDIO AT LAKEFRONT,"Muntinlupa, Metro Manila","Sucat, Muntinlupa, Metro Manila",True
Sonria,"Muntinlupa, Metro Manila","Alabang, Muntinlupa, Metro Manila",True
The Bellagio 2,"Taguig, Metro Manila","Pinagsama, Taguig, Metro Manila",True
Mckinley West Village,"Taguig, Metro Manila","Pinagsama, Taguig, Metro Manila",True
The Avenue Residences,"Quezon City, Metro Manila","Talipapa, Quezon City, Metro Manila",True
1322 Golden Empire Tower,"Manila, Metro Manila","Ermita, Manila, Metro Manila",True
Moldex Residences Valenzuela,"Manila, Metro Manila","Paso de Blas, Valenzuela, Metro Manila",False
The Grand Towers Manila,"Manila, Metro Manila","Malate, Manila, Metro Manila",True
One Shangri-La Place,"Mandaluyong, Metro Manila","Wack-Wack Greenhills, Mandaluyong, Metro Manila",True
The Saint Francis Shangri-la Place,"Mandaluyong, Metro Manila","Highway Hills, Mandaluyong, Metro Manila",True
Shang Salcedo Place,"Makati, Metro Manila","Bel-Air, Makati, Metro Manila",True
The Rise Makati By Shangrila,"Makati, Metro Manila","San Antonio, Makati, Metro Manila",True
Hacienda Balai,"Quezon City, Metro Manila","Barangay 177, Quezon City, Metro Manila",True
La Nobleza Terrazas,"Manila, Metro Manila","Malate, Manila, Metro Manila",True
The TREVI TOWERS,Metro Manila,"Tugatog, Malabon, Metro Manila",True
The Manila Residences,"Manila, Metro Manila","Malate, Manila, Metro Manila",True
dakotaresidences,Metro Manila,"Tugatog, Malabon, Metro Manila",True
Madison Park West,"Taguig, Metro Manila","Pinagsama, Taguig, Metro Manila",True
East of Galleria,"Pasig, Metro Manila","San Antonio, Pasig, Metro Manila",True
Shore 2 Residences,"Pasay, Metro Manila","Malate, Manila, Metro Manila",False
The Royalton,"Pasig, Metro Manila","Oranbo, Pasig, Metro Manila",True
Majorca Tower,"Quezon City, Metro Manila","Ramon Magsaysay, Quezon City, Metro Manila",True
Avila at Circulo Verde,"Quezon City, Metro Manila","Bagumbayan, Quezon City, Metro Manila",True
Lleida Tower,"Quezon City, Metro Manila","Bagumbayan, Quezon City, Metro Manila",True
Seville Residences,"Quezon City, Metro Manila","Bagumbayan, Quezon City, Metro Manila",True
Ibiza at Circulo Verde,"Quezon City, Metro Manila","Manggahan, Pasig, Metro Manila",False
Vinia Residences,"Quezon City, Metro Manila","Phil-Am, Quezon City, Metro Manila",True
Amaia Steps Nova,"Quezon City, Metro Manila","Pasong Tamo, Quezon City, Metro Manila",True
One Oasis Ortigas,"Pasig, Metro Manila","Santa Lucia, Pasig, Metro Manila",True
Solstice at Circuit Makati,"Makati, Metro Manila","Carmona, Makati, Metro Manila",True
High Park at Vertis North,"Quezon City, Metro Manila","Bagong Pag-Asa, Quezon City, Metro Manila",True
Park Triangle Residences,"Taguig, Metro Manila","BGC, Taguig, Metro Manila",True
Avida Towers Intima,"Manila, Metro Manila","Metro Manila, Manila",False
One Antonio,"Makati, Metro Manila","San Antonio, Makati, Metro Manila",True
Eight Wack Wack,"Mandaluyong, Metro Manila","Plainview, Mandaluyong, Metro Manila",True
Amvel Mansions,Metro Manila,"Tugatog, Malabon, Metro Manila",True
Elizabeth Place,"Makati, Metro Manila","Bel-Air, Makati, Metro Manila",True
Grand Hamptons,"Taguig, Metro Manila","Forbes Park North, Makati, Metro Manila",False
Dansalan Garden,"Mandaluyong, Metro Manila","Malamig, Mandaluyong, Metro Manila",True
Portovita Condominium,"Quezon City, Metro Manila","Socorro, Quezon City, Metro Manila",True
Sea Residences Tower A,"Pasay, Metro Manila","Barangay 97, Pasay, Metro Manila",True
Greenbelt Parkplace,"Makati, Metro Manila","Urdaneta, Makati, Metro Manila",True
Larossa In Capitol Hills,"Quezon City, Metro Manila","Matandang Balara, Quezon City, Metro Manila",True
Escala Salcedo,"Makati, Metro Manila","Bel-Air, Makati, Metro Manila",True
Victoria De Manila 2,"Manila, Metro Manila","Malate, Manila, Metro Manila",True
Torre Central,"Manila, Metro Manila","Manila, Metro Manila",True
COVENT GARDEN,"Manila, Metro Manila","Santa Mesa, Manila, Metro Manila",True
One Shangrila Place Ortigas,"Mandaluyong, Metro Manila","Metro Manila, Mandaluyong",False
Elements Eco-Efficient Residences,"Las Piñas, Metro Manila","Kapitolyo, Pasig, Metro Manila",False
Royal Palm Villa,Metro Manila,"Tugatog, Malabon, Metro Manila",True
One Central Tower 1,"Makati, Metro Manila","Urdaneta, Makati, Metro Manila",True
Mezza II Residences,"Quezon City, Metro Manila","Pasong Tamo, Quezon City, Metro Manila",True
One Nenita Place,"Quezon City, Metro Manila","Ramon Magsaysay, Quezon City, Metro Manila",True
Vivaldi Residences,"Quezon City, Metro Manila","Ramon Magsaysay, Quezon City, Metro Manila",True
Amaia Steps Novaliches,"Quezon City, Metro Manila","Ramon Magsaysay, Quezon City, Metro Manila",True
WILL TOWER,"Quezon City, Metro Manila","Ramon Magsaysay, Quezon City, Metro Manila",True
Circulo Verde Lleida,"Quezon City, Metro Manila","Metro Manila, Quezon City",False
The Manors at Celebrity Place,"Quezon City, Metro Manila","Ramon Magsaysay, Quezon City, Metro Manila",True
Grass Residences,"Quezon City, Metro Manila","Alicia, Quezon City, Metro Manila",True
One Metropolitan Place,"Pasay, Metro Manila","Malate, Manila, Metro Manila",False
Studio Zen Taft,"Pasay, Metro Manila","Malate, Manila, Metro Manila",False
The Parkside Villa,"Pasay, Metro Manila","Malate, Manila, Metro Manila",False
Pinecrest,"Quezon City, Metro Manila","Ramon Magsaysay, Quezon City, Metro Manila",True
Oceanaire Luxurious Residences,"Pasay, Metro Manila","Malate, Manila, Metro Manila",False
MANILA RESIDENCES,"Manila, Metro Manila","Tondo, Manila, Metro Manila",True
CIVIC PLACE,"Muntinlupa, Metro Manila","Alabang, Muntinlupa, Metro Manila",True
MONTECITO RESIDENTIAL RESORT,"Pasay, Metro Manila","Malate, Manila, Metro Manila",False
CORINTHIAN EXECUTIVE REGENCY,"Pasig, Metro Manila","Bagong Ilog, Pasig, Metro Manila",True
One Mckinley Place,"Taguig, Metro Manila","BGC, Taguig, Metro Manila",True
MANHATTAN GARDEN,"Quezon City, Metro Manila","Ramon Magsaysay, Quezon City, Metro Manila",True
South of Market Private Residences (SOMA),"Taguig, Metro Manila","Bagong Tanyag, Taguig, Metro Manila",True
CHERRY ORCHARD SUITES,"Quezon City, Metro Manila","Ramon Magsaysay, Quezon City, Metro Manila",True
ANUVA CONDO,"Muntinlupa, Metro Manila","Alabang, Muntinlupa, Metro Manila",True
PALMDALE HEIGHTS,"Pasig, Metro Manila","Bagong Ilog, Pasig, Metro Manila",True
BSA Twin Tower,"Mandaluyong, Metro Manila","Wack-Wack Greenhills, Mandaluyong, Metro Manila",True
GA Tower Two,"Mandaluyong, Metro Manila","Addition Hills, Mandaluyong, Metro Manila",True
The Viceroy Residences,"Taguig, Metro Manila","Bagong Tanyag, Taguig, Metro Manila",True
One Uptown Residences,"Taguig, Metro Manila","South Cembo, Makati, Metro Manila",False
One Orchard Road,"Quezon City, Metro Manila","Ramon Magsaysay, Quezon City, Metro Manila",True
Number One West Tower,"Makati, Metro Manila","Bangkal, Makati, Metro Manila",True
University Tower,"Makati, Metro Manila","Bangkal, Makati, Metro Manila",True
The Gramercy Residences,"Makati, Metro Manila","Poblacion, Makati, Metro Manila",True
One Union Place,"Taguig, Metro Manila","Western Bicutan, Taguig, Metro Manila",True
329 Armstrong,"Parañaque, Metro Manila","Barangay 76, Pasay, Metro Manila",False
Cityland Shaw Tower,"Mandaluyong, Metro Manila","Addition Hills, Mandaluyong, Metro Manila",True
Beaufort East Condo,"Taguig, Metro Manila","Bagong Tanyag, Taguig, Metro Manila",True
Manhattan Square,"Makati, Metro Manila","Bangkal, Makati, Metro Manila",True
Palawan Tower at Bay Gardens,"Pasay, Metro Manila","Malate, Manila, Metro Manila",False
OLYMPIC HEIGHTS,"Quezon City, Metro Manila","Ramon Magsaysay, Quezon City, Metro Manila",True
Stamford Executive Residences,"Taguig, Metro Manila","Bagong Tanyag, Taguig, Metro Manila",True
STRATA VIEWS,"San Juan, Metro Manila","Balong-Bato, San Juan, Metro Manila",True
M PLACE,"Quezon City, Metro Manila","Ramon Magsaysay, Quezon City, Metro Manila",True
EIGHT FORBESTOWN ROAD,"Taguig, Metro Manila","Bagong Tanyag, Taguig, Metro Manila",True
The barons place,"San Juan, Metro Manila","Balong-Bato, San Juan, Metro Manila",True
The Columns Legaspi Village,"Makati, Metro Manila","Bangkal, Makati, Metro Manila",True
The Palmtree at NewPort City,"Pasay, Metro Manila","Malate, Manila, Metro Manila",False
Sofia Bellevue,"Quezon City, Metro Manila","Ramon Magsaysay, Quezon City, Metro Manila",True
MAGNOLIA RESIDENCES,"Quezon City, Metro Manila","Ramon Magsaysay, Quezon City, Metro Manila",True
THE SHANG GRAND TOWER,"Makati, Metro Manila","San Lorenzo, Makati, Metro Manila",True
Swire Elan Suites,"San Juan, Metro Manila","Greenhills, San Juan, Metro Manila",True
Azure Urban Resort Residences Parañaque,"Parañaque, Metro Manila","Marcelo Green Village, Parañaque, Metro Manila",True
PONTE SALCEDO,"Makati, Metro Manila","Bel-Air, Makati, Metro Manila",True
Phoenix Heights,"Pasig, Metro Manila","Bagong Ilog, Pasig, Metro Manila",True
Antel Seaview,"Pasay, Metro Manila","Malate, Manila, Metro Manila",False
Grand Soho Makati,"Makati, Metro Manila","Bel-Air, Makati, Metro Manila",True
THE COLONADE RESIDENCES,"Makati, Metro Manila","Bangkal, Makati, Metro Manila",True
Sarasota Residential Resort,"Pasay, Metro Manila","Malate, Manila, Metro Manila",False
ALPHA SALCEDO,"Makati, Metro Manila","Bel-Air, Makati, Metro Manila",True
Kensington Place,"Taguig, Metro Manila","BGC, Taguig, Metro Manila",True
Cityland Rada Regency,"Makati, Metro Manila","Bangkal, Makati, Metro Manila",True
oriental gardens makati,"Makati, Metro Manila","Bangkal, Makati, Metro Manila",True
Cityland Pioneer,"Mandaluyong, Metro Manila","Addition Hills, Mandaluyong, Metro Manila",True
Aston at Two Serendra,"Taguig, Metro Manila","Bagong Tanyag, Taguig, Metro Manila",True
Sapphire Residences,"Taguig, Metro Manila","BGC, Taguig, Metro Manila",True
ADRIATICO RESIDENCES,"Manila, Metro Manila","Quiapo, Manila, Metro Manila",True
EL JARDIN DEL PRESIDENTE 2,"Quezon City, Metro Manila","South Triangle, Quezon City, Metro Manila",True
Two Maridien,"Taguig, Metro Manila","BGC, Taguig, Metro Manila",True
EDADES TOWER AND GARDEN VILLAS,"Makati, Metro Manila","Rockwell, Makati, Metro Manila",True
Joya Lofts and Towers,"Makati, Metro Manila","Rockwell, Makati, Metro Manila",True
THE COLUMNS LEGAZPI VILLAGE,"Makati, Metro Manila","San Lorenzo, Makati, Metro Manila",True
GRAND HYATT RESIDENCES,"Taguig, Metro Manila","BGC, Taguig, Metro Manila",True
ONE BURGUNDY PLAZA,"Quezon City, Metro Manila","Ramon Magsaysay, Quezon City, Metro Manila",True
Tuscany Private Estate,"Taguig, Metro Manila","McKinley Hill, Taguig, Metro Manila",True
The Venice Luxury Residences,"Taguig, Metro Manila","McKinley Hill, Taguig, Metro Manila",True
The Florence Residence,"Taguig, Metro Manila","Bagong Tanyag, Taguig, Metro Manila",True
Viceroy Residences,"Taguig, Metro Manila","Bagong Tanyag, Taguig, Metro Manila",True
Sonata Private Residences,"Mandaluyong, Metro Manila","Wack-Wack Greenhills, Mandaluyong, Metro Manila",True
The Proscenium,"Makati, Metro Manila","Bangkal, Makati, Metro Manila",True
Verve Residences,"Taguig, Metro Manila","BGC, Taguig, Metro Manila",True
The Ritz Tower,"Makati, Metro Manila","Bel-Air, Makati, Metro Manila",True
THE AVANT AT THE FORT,"Taguig, Metro Manila","Bagong Tanyag, Taguig, Metro Manila",True
KL Mosaic,"Makati, Metro Manila","Bangkal, Makati, Metro Manila",True
Trump Tower Manila,"Quezon City, Metro Manila","Metro Manila, Quezon City",False
Signa Designer Residences,"Makati, Metro Manila","Bel-Air, Makati, Metro Manila",True
The Lerato,"Makati, Metro Manila","Bel-Air, Makati, Metro Manila",True
The Grand Quartier,Metro Manila,"Tugatog, Malabon, Metro Manila",True
Cypress Towers,"Taguig, Metro Manila","Bagong Tanyag, Taguig, Metro Manila",True
Rosewood Pointe,"Taguig, Metro Manila","Ususan, Taguig, Metro Manila",True
Forbeswood Heights,"Taguig, Metro Manila","Bagong Tanyag, Taguig, Metro Manila",True
Crescent Park Residences,"Taguig, Metro Manila","Bagong Tanyag, Taguig, Metro Manila",True
Penhurst Park place,"Taguig, Metro Manila","Forbes Park North, Makati, Metro Manila",False
Bonifacio Ridge,"Taguig, Metro Manila","BGC, Taguig, Metro Manila",True
Essensa Towers,"Taguig, Metro Manila","BGC, Taguig, Metro Manila",True
mckinley hill garden villas,"Taguig, Metro Manila","Bagong Tanyag, Taguig, Metro Manila",True
Aic Gold Tower,"Pasig, Metro Manila","Bagong Ilog, Pasig, Metro Manila",True
Cerritos East Residences,"Pasig, Metro Manila","Bagong Ilog, Pasig, Metro Manila",True
East Ortigas Mansions,"Pasig, Metro Manila","Bagong Ilog, Pasig, Metro Manila",True
Renaissance Tower,"Pasig, Metro Manila","Ugong, Pasig, Metro Manila",True
East Raya Garden,"Pasig, Metro Manila","Bagong Ilog, Pasig, Metro Manila",True
Bali Oasis Phase,"Pasig, Metro Manila","Bagong Ilog, Pasig, Metro Manila",True
ADB Avenue Tower,"Pasig, Metro Manila","Bagong Ilog, Pasig, Metro Manila",True
Alexandra,"Pasig, Metro Manila","Bagong Ilog, Pasig, Metro Manila",True
Kroma Tower,"Makati, Metro Manila","San Lorenzo, Makati, Metro Manila",True
KL MALVAR Residences,"Pasig, Metro Manila","Bagong Ilog, Pasig, Metro Manila",True
Magnolia Place,"Quezon City, Metro Manila","Talipapa, Quezon City, Metro Manila",True
Mayfield Park Residences,"Pasig, Metro Manila","Rosario, Pasig, Metro Manila",True
Rainbow Ridge,"Taguig, Metro Manila","Pinagsama, Taguig, Metro Manila",True
Raya Garden,"Parañaque, Metro Manila","Barangay 76, Pasay, Metro Manila",False
Joya South Tower,"Makati, Metro Manila","Bangkal, Makati, Metro Manila",True
Francesca Tower 2,"Quezon City, Metro Manila","Ramon Magsaysay, Quezon City, Metro Manila",True
One Lafayette Square,"Makati, Metro Manila","Bel-Air, Makati, Metro Manila",True
Hidalgo Place,"Makati, Metro Manila","Rockwell, Makati, Metro Manila",True
Salcedo Park,"Makati, Metro Manila","Bel-Air, Makati, Metro Manila",True
MPlace South Triangle,"Quezon City, Metro Manila","Pasong Tamo, Quezon City, Metro Manila",True
Parc Regent,"Makati, Metro Manila","Bangkal, Makati, Metro Manila",True
Manansala Rockwell,"Makati, Metro Manila","Bangkal, Makati, Metro Manila",True
Edades Tower,"Makati, Metro Manila","Rockwell, Makati, Metro Manila",True
Makati Executive Towers,"Makati, Metro Manila","Bangkal, Makati, Metro Manila",True
Hampton Gardens,"Pasig, Metro Manila","Bagong Ilog, Pasig, Metro Manila",True
The Columns,"Makati, Metro Manila","Bangkal, Makati, Metro Manila",True
Palmdale Hieghts,"Pasig, Metro Manila","Bagong Ilog, Pasig, Metro Manila",True
Illumina Residences,"Pasig, Metro Manila","Bagong Ilog, Pasig, Metro Manila",True
The Grove,"Pasig, Metro Manila","Ugong, Pasig, Metro Manila",True
Riverfront Residences,"Pasig, Metro Manila","Ugong, Pasig, Metro Manila",True
Kasara Urban Resort,"Pasig, Metro Manila","Ugong, Pasig, Metro Manila",True
D Ace Suites,"Pasig, Metro Manila","Bagong Ilog, Pasig, Metro Manila",True
Centro Residences,"Quezon City, Metro Manila","Kaunlaran, Quezon City, Metro Manila",True
AMAIA SKIES AVENIDA,"Manila, Metro Manila","Quiapo, Manila, Metro Manila",True
Amorsolo Square at Rockwell,"Makati, Metro Manila","Rockwell, Makati, Metro Manila",True
Venice Luxury Residences,"Manila, Metro Manila","McKinley Hill, Taguig, Metro Manila",False
Fraser Place Manila,"Makati, Metro Manila","Bangkal, Makati, Metro Manila",True
Belton Place Condo,"Makati, Metro Manila","Bangkal, Makati, Metro Manila",True
Vivant Flats,"Muntinlupa, Metro Manila","Alabang, Muntinlupa, Metro Manila",True
Presidio Lakefront,"Parañaque, Metro Manila","Barangay 76, Pasay, Metro Manila",False
Two Serendra,"Taguig, Metro Manila","BGC, Taguig, Metro Manila",True
Bellagio Towers,"Taguig, Metro Manila","BGC, Taguig, Metro Manila",True
Luxe Residences,"Taguig, Metro Manila","Bagong Tanyag, Taguig, Metro Manila",True
Bonifacio Heights,"Taguig, Metro Manila","Bagong Tanyag, Taguig, Metro Manila",True
Solemare Parksuites,"Parañaque, Metro Manila","Metro Manila, Parañaque, Baclaran",False
South Residences,"Las Piñas, Metro Manila","Almanza Dos, Las Piñas, Metro Manila",True
Mango Tree Residences,"San Juan, Metro Manila","Manila, Metro Manila",False
California Garden Square,"Mandaluyong, Metro Manila","Addition Hills, Mandaluyong, Metro Manila",True
KASARA Urban Resort Residences,"Pasig, Metro Manila","Ugong, Pasig, Metro Manila",True
Dansalan Gardens,"Mandaluyong, Metro Manila","Addition Hills, Mandaluyong, Metro Manila",True
AMAIA STEPS SUCAT,"Parañaque, Metro Manila","Barangay 76, Pasay, Metro Manila",False
Mondrian Residences,"Muntinlupa, Metro Manila","Alabang, Muntinlupa, Metro Manila",True
LaVie Flat,"Muntinlupa, Metro Manila","Metro Manila, Muntinlupa",False
Avida Tower Alabang,"Muntinlupa, Metro Manila","Alabang, Muntinlupa, Metro Manila",True
Ohana Place,"Las Piñas, Metro Manila","Almanza Uno, Las Piñas, Metro Manila",True
Almanza Metropolis,"Las Piñas, Metro Manila","Almanza Dos, Las Piñas, Metro Manila",True
The Residential Resort At Newport City,"Pasay, Metro Manila","Malate, Manila, Metro Manila",False
Pioneer Pointe,"Mandaluyong, Metro Manila","Highway Hills, Mandaluyong, Metro Manila",True
Lee Gardens,"Mandaluyong, Metro Manila","Addition Hills, Mandaluyong, Metro Manila",True
Tivoli Gardens Residences,"Mandaluyong, Metro Manila","Addition Hills, Mandaluyong, Metro Manila",True
The St. Francis Shangri-La Place,"Mandaluyong, Metro Manila","Addition Hills, Mandaluyong, Metro Manila",True
Soho Central,"Mandaluyong, Metro Manila","Highway Hills, Mandaluyong, Metro Manila",True
Sycamore Tower Dansalan Gardens,"Mandaluyong, Metro Manila","Malamig, Mandaluyong, Metro Manila",True
GATEWAY GARDEN HEIGHTS (GGH),"Manila, Metro Manila","Quiapo, Manila, Metro Manila",True
The Bonifacio Residences,"Mandaluyong, Metro Manila","Addition Hills, Mandaluyong, Metro Manila",True
Acqua Private Residences,"Mandaluyong, Metro Manila","Hulo, Mandaluyong, Metro Manila",True
The Viceroy,"Manila, Metro Manila","McKinley Hill, Taguig, Metro Manila",False
The Infinity,"Taguig, Metro Manila","Pinagsama, Taguig, Metro Manila",True
The Icon,"Manila, Metro Manila","Tondo, Manila, Metro Manila",True
The Bellagio 3,"Taguig, Metro Manila","BGC, Taguig, Metro Manila",True
The Aston At Two Serendra,"Taguig, Metro Manila","Bagong Tanyag, Taguig, Metro Manila",True
Seibu Tower,"Taguig, Metro Manila","Bagong Tanyag, Taguig, Metro Manila",True
Fort Palm Spring,"Taguig, Metro Manila","Bagong Tanyag, Taguig, Metro Manila",True
Woodsville Viverde Mansion,"Manila, Metro Manila","Tondo, Manila, Metro Manila",True
Tribeca Private Residences,"Manila, Metro Manila","Tondo, Manila, Metro Manila",True
Lions Park Residences,"Parañaque, Metro Manila","Barangay 76, Pasay, Metro Manila",False
Fountain Breeze,"Manila, Metro Manila","Tondo, Manila, Metro Manila",True
MALATE BAYVIEW MANSION,"Manila, Metro Manila","Tondo, Manila, Metro Manila",True
BAYWATCH TOWER,"Manila, Metro Manila","Malate, Manila, Metro Manila",True
Rada Regency,"Makati, Metro Manila","Bangkal, Makati, Metro Manila",True
Kingswood Square,"Makati, Metro Manila","Bangkal, Makati, Metro Manila",True
THE GRAND MIDORI MAKATI,"Makati, Metro Manila","San Lorenzo, Makati, Metro Manila",True
The Manors at North Belton Communities,"Quezon City, Metro Manila","Tondo, Manila, Metro Manila",False
Eton Residences Greenbelt,"Makati, Metro Manila","San Lorenzo, Makati, Metro Manila",True
trump tower,"Makati, Metro Manila","Metro Manila, Makati",False
Avida Towers Sucat,"Parañaque, Metro Manila","Barangay 76, Pasay, Metro Manila",False
BLUE SAPPHIRE RESIDENCES,"Taguig, Metro Manila","Pinagsama, Taguig, Metro Manila",True
The Columns Ayala Avenue,"Makati, Metro Manila","Bel-Air, Makati, Metro Manila",True
Maple Place,"Makati, Metro Manila","Bangkal, Makati, Metro Manila",True
Fairway Terraces,"Pasay, Metro Manila","Barangay 97, Pasay, Metro Manila",True
Greenbelt Hamilton Two,"Makati, Metro Manila","Bangkal, Makati, Metro Manila",True
Antel Spa Residences,"Makati, Metro Manila","Bangkal, Makati, Metro Manila",True
Laureano di Trevi Towers,"Makati, Metro Manila","Bangkal, Makati, Metro Manila",True
BSA Tower,"Makati, Metro Manila","Bangkal, Makati, Metro Manila",True
Manansala Tower,"Makati, Metro Manila","Bangkal, Makati, Metro Manila",True
Avida Towers San Lorenzo,"Makati, Metro Manila","Bangkal, Makati, Metro Manila",True
One Central Makati,"Makati, Metro Manila","Bangkal, Makati, Metro Manila",True
Amorsolo Square,"Makati, Metro Manila","Rockwell, Makati, Metro Manila",True
One Rockwell,"Makati, Metro Manila","Rockwell, Makati, Metro Manila",True
The Columns At Legaspi Village,"Makati, Metro Manila","San Lorenzo, Makati, Metro Manila",True
The Beacon,"Makati, Metro Manila","Bangkal, Makati, Metro Manila",True
Palmetto Place,"Makati, Metro Manila","Bangkal, Makati, Metro Manila",True
Fairway Tarraces,"Pasay, Metro Manila","Tugatog, Malabon, Metro Manila",False
Fortune Hill,"San Juan, Metro Manila","Addition Hills, San Juan, Metro Manila",True
South Insula,"Quezon City, Metro Manila","Sacred Heart, Quezon City, Metro Manila",True
The Salcedo Park Condominum,"Makati, Metro Manila","Bel-Air, Makati, Metro Manila",True
Asia Enclaves,"Muntinlupa, Metro Manila","Alabang, Muntinlupa, Metro Manila",True
Solano Hills,"Muntinlupa, Metro Manila","Alabang, Muntinlupa, Metro Manila",True
Arezzo Place,"Pasig, Metro Manila","Bagong Ilog, Pasig, Metro Manila",True
ETON EMERALD LOFTS,"Pasig, Metro Manila","San Antonio, Pasig, Metro Manila",True
BELTON PLACE,"Makati, Metro Manila","Bangkal, Makati, Metro Manila",True
Eton Parkview Greenbelt,"Makati, Metro Manila","Bangkal, Makati, Metro Manila",True
8 ADRIATICO,"Manila, Metro Manila","Malate, Manila, Metro Manila",True
One Archers Place,"Manila, Metro Manila","Malate, Manila, Metro Manila",True
Eton Baypark Manila,"Manila, Metro Manila","Tondo, Manila, Metro Manila",True
Acqua Living Stone,"Mandaluyong, Metro Manila","Hulo, Mandaluyong, Metro Manila",True
Aqua Iguazu,"Mandaluyong, Metro Manila","Addition Hills, Mandaluyong, Metro Manila",True
Century Spire Makati,"Makati, Metro Manila","Poblacion, Makati, Metro Manila",True
Penthouse Unit in Acqua Livingstone,"Makati, Metro Manila","Hulo, Mandaluyong, Metro Manila",False
Suntrust Shanata,"Quezon City, Metro Manila","Talipapa, Quezon City, Metro Manila",True
SUNTRUST AMADEA,"Quezon City, Metro Manila","Paligsahan, Quezon City, Metro Manila",True
Suntrust Capitol Plaza,"Quezon City, Metro Manila","Central, Quezon City, Metro Manila",True
AURORA GARDENS,"Mandaluyong, Metro Manila","Addition Hills, Mandaluyong, Metro Manila",True
Suntrust Asmara,"Quezon City, Metro Manila","Damayang Lagi, Quezon City, Metro Manila",True
KIRANA,"Pasig, Metro Manila","Bagong Ilog, Pasig, Metro Manila",True
SUNTRUST TREETOP VILLAS,"Mandaluyong, Metro Manila","Hulo, Mandaluyong, Metro Manila",True
Suntrust Solana,"Manila, Metro Manila","Ermita, Manila, Metro Manila",True
SUNTRUST ASCENTIA,"Manila, Metro Manila","Santa Ana, Manila, Metro Manila",True
SUNTRUST ADRIATICO GARDENS,"Manila, Metro Manila","Malate, Manila, Metro Manila",True
The Rise Makati,"Makati, Metro Manila","San Antonio, Makati, Metro Manila",True
One Shangrila Place,"Mandaluyong, Metro Manila","Metro Manila, Mandaluyong",False
AMA TOWER RESIDENCES,"Mandaluyong, Metro Manila","Wack-Wack Greenhills, Mandaluyong, Metro Manila",True
Victoria de Manila,"Manila, Metro Manila","Malate, Manila, Metro Manila",True
The A.Venue Suites,"Makati, Metro Manila","Bangkal, Makati, Metro Manila",True
Antel Spa Suites,"Makati, Metro Manila","Poblacion, Makati, Metro Manila",True
Serenity Suites,"Makati, Metro Manila","Poblacion, Makati, Metro Manila",True
Skyway Twin Towers,"Pasig, Metro Manila","Oranbo, Pasig, Metro Manila",True
My Place at South Triangle,"Quezon City, Metro Manila","South Triangle, Quezon City, Metro Manila",True
My Place at Ortigas,"Pasig, Metro Manila","Ugong, Pasig, Metro Manila",True
Chateau Elysee,"Parañaque, Metro Manila","Don Bosco, Parañaque, Metro Manila",True
Berkeley Residences,"Quezon City, Metro Manila","Loyola Heights, Quezon City, Metro Manila",True
Juez Residences,"Malabon, Metro Manila","Maysilo, Malabon, Metro Manila",True
Space Taft,"Manila, Metro Manila","Malate, Manila, Metro Manila",True
Zitan,"Mandaluyong, Metro Manila","Addition Hills, Mandaluyong, Metro Manila",True
Twin Oaks Place,"Mandaluyong, Metro Manila","Wack-Wack Greenhills, Mandaluyong, Metro Manila",True
San Lorenzo Place,"Makati, Metro Manila","Bangkal, Makati, Metro Manila",True
The Rochester,"Pasig, Metro Manila","San Joaquin, Pasig, Metro Manila",True
Victoria de Morato,"Quezon City, Metro Manila","Ramon Magsaysay, Quezon City, Metro Manila",True
Victoria de Malate,"Manila, Metro Manila","Malate, Manila, Metro Manila",True
Isabelle de Valenzuela,"Valenzuela, Metro Manila","Isla, Valenzuela, Metro Manila",True
Victoria Sports Tower,"Quezon City, Metro Manila","South Triangle, Quezon City, Metro Manila",True
Victoria de Makati,"Makati, Metro Manila","Pio Del Pilar, Makati, Metro Manila",True
Fort Victoria,"Taguig, Metro Manila","BGC, Taguig, Metro Manila",True
Victoria Towers,"Quezon City, Metro Manila","Paligsahan, Quezon City, Metro Manila",True
Little Baguio Terraces,"San Juan, Metro Manila","Ermitaño, San Juan, Metro Manila",True
Pioneer Woodlands,"Mandaluyong, Metro Manila","Barangka Ilaya, Mandaluyong, Metro Manila",True
Kasara,"Pasig, Metro Manila","Ugong, Pasig, Metro Manila",True
Vivaldi Residences - Cubao,"Quezon City, Metro Manila","Socorro, Quezon City, Metro Manila",True
Siena Park Residences,"Parañaque, Metro Manila","Sun Valley, Parañaque, Metro Manila",True
Milan Residenze,"Quezon City, Metro Manila","Bagbag, Quezon City, Metro Manila",True
Maricielo Villas,"Las Piñas, Metro Manila","Pulang Lupa Uno, Las Piñas, Metro Manila",True
Levina Place,"Pasig, Metro Manila","Rosario, Pasig, Metro Manila",True
Arista Place,"Parañaque, Metro Manila","Santo Niño, Parañaque, Metro Manila",True
Asteria Residences,"Parañaque, Metro Manila","San Isidro, Parañaque, Metro Manila",True
Mirea Residences,"Pasig, Metro Manila","Santolan, Pasig, Metro Manila",True
Zinnia Towers,"Quezon City, Metro Manila","Katipunan, Quezon City, Metro Manila",True
Viera Residences,"Quezon City, Metro Manila","Obrero, Quezon City, Metro Manila",True
Torre De Manila,"Manila, Metro Manila","Ermita, Manila, Metro Manila",True
Tivoli Garden Residences,"Mandaluyong, Metro Manila","Hulo, Mandaluyong, Metro Manila",True
The Amaryllis,"Quezon City, Metro Manila","Mariana, Quezon City, Metro Manila",True
Stellar Place,"Quezon City, Metro Manila","Bahay Toro, Quezon City, Metro Manila",True
Sorrel Residences,"Quezon City, Metro Manila","Manila, Metro Manila",False
Sheridan Towers,"Mandaluyong, Metro Manila","Buayang Bato, Mandaluyong, Metro Manila",True
Viridian in Greenhills,"San Juan, Metro Manila","Greenhills, San Juan, Metro Manila",True
Rhapsody Residences,"Muntinlupa, Metro Manila","Buli, Muntinlupa, Metro Manila",True
One Castilla Place,"Quezon City, Metro Manila","Pasong Tamo, Quezon City, Metro Manila",True
Grand Riviera Suites,"Manila, Metro Manila","Ermita, Manila, Metro Manila",True
Lumiere Residences,"Pasig, Metro Manila","Bagong Ilog, Pasig, Metro Manila",True
La Verti Residences,"Pasay, Metro Manila","Pasay, Metro Manila",True
Illumina Residences Manila,"Manila, Metro Manila","Santa Mesa, Manila, Metro Manila",True
Flair Towers,"Mandaluyong, Metro Manila","Highway Hills, Mandaluyong, Metro Manila",True
Brio Tower,"Makati, Metro Manila","Guadalupe Viejo, Makati, Metro Manila",True
Verawood Residences,"Taguig, Metro Manila","Bambang, Taguig, Metro Manila",True
Ivory Wood,"Taguig, Metro Manila","Bambang, Taguig, Metro Manila",True
Royal Palm Residences,"Taguig, Metro Manila","Ususan, Taguig, Metro Manila",True
W.H. Taft Residences,"Manila, Metro Manila","Malate, Manila, Metro Manila",True
The Birchwood,"Taguig, Metro Manila","Ususan, Taguig, Metro Manila",True
Anuva,"Muntinlupa, Metro Manila","Sucat, Muntinlupa, Metro Manila",True
The Manila Residences Bocobo,"Manila, Metro Manila","Ermita, Manila, Metro Manila",True
The Manila Residences Tower II,"Manila, Metro Manila","Malate, Manila, Metro Manila",True
The Manila Residences Tower I,"Manila, Metro Manila","Malate, Manila, Metro Manila",True
Mandaluyong Executive Mansion III,"Mandaluyong, Metro Manila","Namayan, Mandaluyong, Metro Manila",True
Grand Central Residences Tower I,"Mandaluyong, Metro Manila","Highway Hills, Mandaluyong, Metro Manila",True
Pines Peak Tower I,"Mandaluyong, Metro Manila","Highway Hills, Mandaluyong, Metro Manila",True
North Residences,"Quezon City, Metro Manila","Veterans Village, Quezon City, Metro Manila",True
Windsor Mansion,"Pasig, Metro Manila","Santolan, Pasig, Metro Manila",True
Brentwood Mansion,"Pasig, Metro Manila","Santolan, Pasig, Metro Manila",True
Grand Emerald Tower,"Pasig, Metro Manila","San Antonio, Pasig, Metro Manila",True
Makati Executive Tower IV,"Makati, Metro Manila","Pio Del Pilar, Makati, Metro Manila",True
Makati Executive Tower III,"Makati, Metro Manila","Pio Del Pilar, Makati, Metro Manila",True
Orchard Towers,"Pasig, Metro Manila","Bagong Ilog, Pasig, Metro Manila",True
Neopolitan Condominiums,"Quezon City, Metro Manila","Fairview, Quezon City, Metro Manila",True
Garden Towers,"Makati, Metro Manila","San Lorenzo, Makati, Metro Manila",True
East Gallery Place,"Taguig, Metro Manila","BGC, Taguig, Metro Manila",True
East Bel-Air Residences,"Manila, Metro Manila","Tondo, Manila, Metro Manila",True
Grand Residences España 2,"Manila, Metro Manila","Manila, Metro Manila",True
Sky Villas,"Quezon City, Metro Manila","Kaunlaran, Quezon City, Metro Manila",True
Park Terraces,"Makati, Metro Manila","San Lorenzo, Makati, Metro Manila",True
Al Khor Town Homes,"San Juan, Metro Manila","Batis, San Juan, Metro Manila",True
Avida Towers BGC 9TH Avenue,"Taguig, Metro Manila","Metro Manila, Taguig",False
Lancris Residences,"Parañaque, Metro Manila","Don Bosco, Parañaque, Metro Manila",True
Avida Towers Altura,"Muntinlupa, Metro Manila","Metro Manila, Muntinlupa, Alabang",False
Avida Towers Alabang,"Muntinlupa, Metro Manila","Metro Manila, Muntinlupa, Alabang",False
Avida Towers 34th Street,"Taguig, Metro Manila","Metro Manila, Taguig",False
Avida Cityflex Towers BGC,"Taguig, Metro Manila","Metro Manila, Taguig, BGC",False
101 Newport BLVD,"Manila, Metro Manila","Barangay 183, Pasay, Metro Manila",False
Noble Place,"Manila, Metro Manila","Binondo, Manila, Metro Manila",True
150 Newport BLVD,"Pasay, Metro Manila","Barangay 183, Pasay, Metro Manila",True
81 Newport BLVD,"Pasay, Metro Manila","Barangay 183, Pasay, Metro Manila",True
The Palm Tree 2,"Pasay, Metro Manila","Malate, Manila, Metro Manila",False
Greenbelt Hamilton Tower 2,"Makati, Metro Manila","San Lorenzo, Makati, Metro Manila",True
The Palm Tree,"Pasay, Metro Manila","Barangay 183, Pasay, Metro Manila",True
Paseo Heights,"Makati, Metro Manila","Urdaneta, Makati, Metro Manila",True
Salcedo Skysuites,"Makati, Metro Manila","Bel-Air, Makati, Metro Manila",True
Three Central,"Makati, Metro Manila","Bel-Air, Makati, Metro Manila",True
Viceroy,"Taguig, Metro Manila","Bagong Tanyag, Taguig, Metro Manila",True
The Florence,"Taguig, Metro Manila","McKinley Hill, Taguig, Metro Manila",True
Uptown Parksuites,"Taguig, Metro Manila","BGC, Taguig, Metro Manila",True
Avida Towers One Union Place,"Taguig, Metro Manila","Metro Manila, Taguig, Western Bicutan",False
The Venice,"Taguig, Metro Manila","Bagong Tanyag, Taguig, Metro Manila",True
GOLFHILL GARDENS,"Quezon City, Metro Manila","Ramon Magsaysay, Quezon City, Metro Manila",True
Avida Towers Astrea,"Quezon City, Metro Manila","Metro Manila, Quezon City, Fairview",False
Bay Garden,"Pasay, Metro Manila","Barangay 76, Pasay, Metro Manila",True
Escalades East Tower,"Quezon City, Metro Manila","Pasong Tamo, Quezon City, Metro Manila",True
The Parkside Villas,"Pasay, Metro Manila","Barangay 183, Pasay, Metro Manila",True
Trees Residences,"Quezon City, Metro Manila","Kaligayahan, Quezon City, Metro Manila",True
Sun Residences,"Quezon City, Metro Manila","Salvacion, Quezon City, Metro Manila",True
Shore Residences,"Pasay, Metro Manila","Barangay 76, Pasay, Metro Manila",True
Shine Residences,"Pasig, Metro Manila","Ugong, Pasig, Metro Manila",True
Shell Residences,"Pasay, Metro Manila","Barangay 76, Pasay, Metro Manila",True
Mezza 2 Residences,"Quezon City, Metro Manila","Doña Imelda, Quezon City, Metro Manila",True
M Place Residences,"Quezon City, Metro Manila","South Triangle, Quezon City, Metro Manila",True
Princeton Residences,"Quezon City, Metro Manila","Mariana, Quezon City, Metro Manila",True
Sea Residences SMDC,"Pasay, Metro Manila","Barangay 76, Pasay, Metro Manila",True
Mezza Residences,"Quezon City, Metro Manila","Kaunlaran, Quezon City, Metro Manila",True
Light Residences,"Mandaluyong, Metro Manila","Addition Hills, Mandaluyong, Metro Manila",True
Grace Residences,"Taguig, Metro Manila","Bagong Tanyag, Taguig, Metro Manila",True
Chateau Residences,"Parañaque, Metro Manila","Don Bosco, Parañaque, Metro Manila",True
Breeze Residences,"Pasay, Metro Manila","Barangay 76, Pasay, Metro Manila",True
Times Square West,"Taguig, Metro Manila","BGC, Taguig, Metro Manila",True
Madison Park,"Taguig, Metro Manila","Bagong Tanyag, Taguig, Metro Manila",True
One Wilson Square,"San Juan, Metro Manila","Greenhills, San Juan, Metro Manila",True
Central Park West,"Pateros, Metro Manila","BGC, Taguig, Metro Manila",False
Six Senses,"Pasay, Metro Manila","Malate, Manila, Metro Manila",False
Grand Hyatt Manila Residences,"Taguig, Metro Manila","BGC, Taguig, Metro Manila",True
The Grand Midori Ortigas,"Pasig, Metro Manila","San Antonio, Pasig, Metro Manila",True
Four Season Riviera,"Manila, Metro Manila","Binondo, Manila, Metro Manila",True
Senta,"Makati, Metro Manila","San Lorenzo, Makati, Metro Manila",True
The Capital,"Quezon City, Metro Manila","E. Rodriguez, Quezon City, Metro Manila",True
Paseo De Roces,"Makati, Metro Manila","Pio Del Pilar, Makati, Metro Manila",True
Celadon Park,"Manila, Metro Manila","Santa Cruz, Manila, Metro Manila",True
Oriental Garden,"Makati, Metro Manila","Pio Del Pilar, Makati, Metro Manila",True
The Proscenium at Rockwell,"Makati, Metro Manila","Poblacion, Makati, Metro Manila",True
Jazz Residences,"Makati, Metro Manila","Bel-Air, Makati, Metro Manila",True
Green Residences,"Manila, Metro Manila","Malate, Manila, Metro Manila",True
Blue Residences,"Quezon City, Metro Manila","Apad, Quezon, Quezon",False
Field Residences,"Parañaque, Metro Manila","San Dionisio, Parañaque, Metro Manila",True
The Sandstone at Portico,"Pasig, Metro Manila","Oranbo, Pasig, Metro Manila",True
Fame Residences,"Mandaluyong, Metro Manila","Highway Hills, Mandaluyong, Metro Manila",True
Air Residences,"Makati, Metro Manila","San Antonio, Makati, Metro Manila",True
Escalades at 20th Avenue,"Quezon City, Metro Manila","Pasong Tamo, Quezon City, Metro Manila",True
Gateway Garden Ridge,"Mandaluyong, Metro Manila","Plainview, Mandaluyong, Metro Manila",True
The Pearl Place,"Pasig, Metro Manila","Metro Manila, Pasig",False
City Place,"Manila, Metro Manila","San Nicolas, Manila, Metro Manila",True
Sarasota,"Pasay, Metro Manila","Barangay 183, Pasay, Metro Manila",True
One Central,"Makati, Metro Manila","Urdaneta, Makati, Metro Manila",True
8 Forbestown Centre,"Taguig, Metro Manila","BGC, Taguig, Metro Manila",True
Vista 309 Katipunan,"Quezon City, Metro Manila","Loyola Heights, Quezon City, Metro Manila",True
Vista Taft,"Manila, Metro Manila","Malate, Manila, Metro Manila",True
Camella Glenmont,"Quezon City, Metro Manila","Metro Manila, Quezon City, Sauyo",False
Morgan Suites,"Taguig, Metro Manila","Pinagsama, Taguig, Metro Manila",True
115 Upper Mckinley,"Taguig, Metro Manila","Forbes Park North, Makati, Metro Manila",False
One Central Park,"Taguig, Metro Manila","Bagumbayan, Quezon City, Metro Manila",False
Salcedo Square,"Makati, Metro Manila","San Lorenzo, Makati, Metro Manila",True
Vista Shaw,"Mandaluyong, Metro Manila","Addition Hills, Mandaluyong, Metro Manila",True
Mosaic,"Makati, Metro Manila","Valenzuela, Makati, Metro Manila",True
The Symphony Towers,"Quezon City, Metro Manila","Binagbag, Agdangan, Quezon",False
The Currency,"Pasig, Metro Manila","San Antonio, Pasig, Metro Manila",True
Laureano Di Trevi,"Makati, Metro Manila","Pio Del Pilar, Makati, Metro Manila",True
Crown Tower,"Manila, Metro Manila","Manila, Metro Manila",True
KL Tower,"Makati, Metro Manila","Valenzuela, Makati, Metro Manila",True
Avant at The Fort,"Taguig, Metro Manila","BGC, Taguig, Metro Manila",True
Sorrento Oasis,"Pasig, Metro Manila","Rosario, Pasig, Metro Manila",True
Maui Oasis,"Pasig, Metro Manila","Maybunga, Pasig, Metro Manila",True
Capri Oasis,"Pasig, Metro Manila","Maybunga, Pasig, Metro Manila",True
Bali Oasis Phase 2,"Pasig, Metro Manila","Santolan, Pasig, Metro Manila",True
Asiana Oasis,"Parañaque, Metro Manila","Moonwalk, Parañaque, Metro Manila",True
The Signature,"Quezon City, Metro Manila","Pag-Ibig Sa Nayon, Quezon City, Metro Manila",True
100 West Makati,"Makati, Metro Manila","Pio Del Pilar, Makati, Metro Manila",True
Studio A,"Quezon City, Metro Manila","Loyola Heights, Quezon City, Metro Manila",True
Studio Zen,"Pasay, Metro Manila","Barangay 33, Pasay, Metro Manila",True
Solemare Parksuites Phase One,"Parañaque, Metro Manila","Metro Manila, Parañaque",False
Mayfair Tower,"Manila, Metro Manila","Ermita, Manila, Metro Manila",True
Dream Tower,"Quezon City, Metro Manila","Bagumbayan, Quezon City, Metro Manila",True
Oxford Parksuites,"Manila, Metro Manila","Metro Manila, Manila, Tondo",False
Princeview Parksuites,"Manila, Metro Manila","Metro Manila, Manila, Binondo",False
Aspire Tower,"Quezon City, Metro Manila","Pasong Tamo, Quezon City, Metro Manila",True
Monarch Parksuites,"Parañaque, Metro Manila","Metro Manila, Parañaque, Baclaran",False
The Infinity Tower,"Taguig, Metro Manila","Pinagsama, Taguig, Metro Manila",True
Clairemont Hills,"San Juan, Metro Manila","Corazon de Jesus, San Juan, Metro Manila",True
Solemare Parksuites Phase 2,"Parañaque, Metro Manila","Don Bosco, Parañaque, Metro Manila",True
Fifth Avenue Place,"Taguig, Metro Manila","BGC, Taguig, Metro Manila",True
McKinley Park Residences,"Taguig, Metro Manila","BGC, Taguig, Metro Manila",True
Robinsons Place Residence,"Manila, Metro Manila","Quiapo, Manila, Metro Manila",True
The Fort Residences,"Taguig, Metro Manila","BGC, Taguig, Metro Manila",True
Three Adriatico Place,"Manila, Metro Manila","Ermita, Manila, Metro Manila",True
Vimana Verde Residences,"Pasig, Metro Manila","Oranbo, Pasig, Metro Manila",True
Two Adriatico Place,"Manila, Metro Manila","Quiapo, Manila, Metro Manila",True
One Gateway Place,"Mandaluyong, Metro Manila","Barangka Ilaya, Mandaluyong, Metro Manila",True
East Of Galeria,"Pasig, Metro Manila","San Antonio, Pasig, Metro Manila",True
One Adriatico Place,"Manila, Metro Manila","Quiapo, Manila, Metro Manila",True
Gateway Regency Studios,"Mandaluyong, Metro Manila","Barangka Ilaya, Mandaluyong, Metro Manila",True
The Trion Towers III,"Taguig, Metro Manila","BGC, Taguig, Metro Manila",True
The Radiance Manila Bay,"Pasay, Metro Manila","Barangay 3, Pasay, Metro Manila",True
The Magnolia Residences,"Quezon City, Metro Manila","Kaunlaran, Quezon City, Metro Manila",True
The Sapphire Bloc  – South Tower,"Pasig, Metro Manila","San Antonio, Pasig, Metro Manila",True
Gateway Garden Heights,"Mandaluyong, Metro Manila","Barangka Ilaya, Mandaluyong, Metro Manila",True
