project_name,location,full_address,latitude,longitude
Avida Towers Verte,"BGC, Taguig, Metro Manila","Avida Towers Verte, BGC, Taguig, Metro Manila, Philippines",14.5550311,121.0533973
Two Central,"Bel-Air, Makati, Metro Manila","Two Central, Bel-Air, Makati, Metro Manila, Philippines",14.559826,121.018519
Avida Towers Prime Taft,"Barangay 36, Pasay, Metro Manila","Avida Towers Prime Taft, Barangay 36, Pasay, Metro Manila, Philippines",14.5578415,120.9956082
Sage Residences,"Mauway, Mandaluyong, Metro Manila","Sage Residences, Mauway, Mandaluyong, Metro Manila, Philippines",14.5801782,121.0464631
Avida Towers Turf,"BGC, Taguig, Metro Manila","Avida Towers Turf, BGC, Taguig, Metro Manila, Philippines",14.5545864,121.0524779
The Trion Towers II,"BGC, Taguig, Metro Manila","The Trion Towers II, BGC, Taguig, Metro Manila, Philippines",14.5460967,121.0495991
Coastal Luxury Residences,"Tambo, Parañaque, Metro Manila","Coastal Luxury Residences, Tambo, Parañaque, Metro Manila, Philippines",14.5130258,120.9905459
Greenbelt Chancellor,"San Lorenzo, Makati, Metro Manila","Greenbelt Chancellor, San Lorenzo, Makati, Metro Manila, Philippines",14.5552203,121.0182343
Kizuna Heights,"Malate, Manila, Metro Manila","Kizuna Heights, Malate, Manila, Metro Manila, Philippines",14.5610945,120.9953403
Two Roxas Triangle,"Urdaneta, Makati, Metro Manila","Two Roxas Triangle, Urdaneta, Makati, Metro Manila, Philippines",14.5601858,121.0282213
Coast Residences,"Barangay 76, Pasay, Metro Manila","Coast Residences, Barangay 76, Pasay, Metro Manila, Philippines",14.5451838,120.9924823
The Velaris Residences,"Manggahan, Pasig, Metro Manila","The Velaris Residences, Manggahan, Pasig, Metro Manila, Philippines",14.5941953,121.0837818
Icon Residences,"BGC, Taguig, Metro Manila","Icon Residences, BGC, Taguig, Metro Manila, Philippines",14.5494583,121.0442258
Allegra Garden Place,"Bagong Ilog, Pasig, Metro Manila","Allegra Garden Place, Bagong Ilog, Pasig, Metro Manila, Philippines",14.5636026,121.0668704
Alder Residences,"San Miguel, Taguig, Metro Manila","Alder Residences, San Miguel, Taguig, Metro Manila, Philippines",14.5202896,121.0681864
The Crestmont,"South Triangle, Quezon City, Metro Manila","The Crestmont, South Triangle, Quezon City, Metro Manila, Philippines",14.6427295,121.0372656
Cameron Residences,"Mariblo, Quezon City, Metro Manila","Cameron Residences, Mariblo, Quezon City, Metro Manila, Philippines",14.6342726,121.016666
Belize Oasis,"Alabang, Muntinlupa, Metro Manila","Belize Oasis, Alabang, Muntinlupa, Metro Manila, Philippines",14.4224777,121.0464096
Shang Residences Wack Wack,"Addition Hills, Mandaluyong, Metro Manila","Shang Residences Wack Wack, Addition Hills, Mandaluyong, Metro Manila, Philippines",14.5935938,121.0430275
Valencia Hills,"Valencia, Quezon City, Metro Manila","Valencia Hills, Valencia, Quezon City, Metro Manila, Philippines",14.610942,121.0332502
Siena Tower,"Marikina, Metro Manila","Siena Tower, Marikina, Metro Manila, Philippines",14.6360301,121.1001739
The Capital Towers,"Kalusugan, Quezon City, Metro Manila","The Capital Towers, Kalusugan, Quezon City, Metro Manila, Philippines",14.6207176,121.0198439
The Residences at Greenbelt,"San Lorenzo, Makati, Metro Manila","The Residences at Greenbelt, San Lorenzo, Makati, Metro Manila, Philippines",14.5510509,121.0200829
The Residences at Bonifacio Civic Center,"BGC, Taguig, Metro Manila","The Residences at Bonifacio Civic Center, BGC, Taguig, Metro Manila, Philippines",14.5449268,121.0529074
110 Benavidez,"San Lorenzo, Makati, Metro Manila","110 Benavidez, San Lorenzo, Makati, Metro Manila, Philippines",14.5515001,121.017292
Southkey Place,"Alabang, Muntinlupa, Metro Manila","Southkey Place, Alabang, Muntinlupa, Metro Manila, Philippines",14.4250147,121.0408172
Woodsville Crest 3,"Merville, Parañaque, Metro Manila","Woodsville Crest 3, Merville, Parañaque, Metro Manila, Philippines",14.5002281,121.0380474
Regent Parkway,"BGC, Taguig, Metro Manila","Regent Parkway, BGC, Taguig, Metro Manila, Philippines",14.5442024,121.0463653
Pacific Plaza Tower,"BGC, Taguig, Metro Manila","Pacific Plaza Tower, BGC, Taguig, Metro Manila, Philippines",14.5473177,121.0449463
Arya Residences Tower 2,"BGC, Taguig, Metro Manila","Arya Residences Tower 2, BGC, Taguig, Metro Manila, Philippines",14.5462694,121.0486863
Arya Residences Tower 1,"BGC, Taguig, Metro Manila","Arya Residences Tower 1, BGC, Taguig, Metro Manila, Philippines",14.5462694,121.0486863
The Linear,"San Antonio, Makati, Metro Manila","The Linear, San Antonio, Makati, Metro Manila, Philippines",14.5600321,121.0102708
The Levels,"Alabang, Muntinlupa, Metro Manila","The Levels, Alabang, Muntinlupa, Metro Manila, Philippines",14.4200106,121.033259
Studio City,"Alabang, Muntinlupa, Metro Manila","Studio City, Alabang, Muntinlupa, Metro Manila, Philippines",14.4244279,121.0342185
One Sierra,"Highway Hills, Mandaluyong, Metro Manila","One Sierra, Highway Hills, Mandaluyong, Metro Manila, Philippines",14.5783864,121.0511259
The Hermosa,"Pulang Lupa Uno, Las Piñas, Metro Manila","The Hermosa, Pulang Lupa Uno, Las Piñas, Metro Manila, Philippines",14.4702033,120.9824634
Sands Residences,"Malate, Manila, Metro Manila","Sands Residences, Malate, Manila, Metro Manila, Philippines",14.5704594,120.982944
Mint Residences,"Urdaneta, Makati, Metro Manila","Mint Residences, Urdaneta, Makati, Metro Manila, Philippines",14.5557562,121.0292097
Pine Crest Towers,"Pasong Tamo, Quezon City, Metro Manila","Pine Crest Towers, Pasong Tamo, Quezon City, Metro Manila, Philippines",14.6732284,121.0450783
Torre Lorenzo Malate,"Malate, Manila, Metro Manila","Torre Lorenzo Malate, Malate, Manila, Metro Manila, Philippines",14.5739488,120.9876305
Torre Lorenzo Loyola,"Loyola Heights, Quezon City, Metro Manila","Torre Lorenzo Loyola, Loyola Heights, Quezon City, Metro Manila, Philippines",14.6365021,121.0736909
3Torre Lorenzo,"Malate, Manila, Metro Manila","3Torre Lorenzo, Malate, Manila, Metro Manila, Philippines",14.5638263,120.9979774
South 2 Residences,"Almanza Uno, Las Piñas, Metro Manila","South 2 Residences, Almanza Uno, Las Piñas, Metro Manila, Philippines",14.4344096,121.0092279
Acacia Escalades,"Manggahan, Pasig, Metro Manila","Acacia Escalades, Manggahan, Pasig, Metro Manila, Philippines",14.6052209,121.091448
The Radiance Manila Bay – North Tower,"Barangay 2, Pasay, Metro Manila","The Radiance Manila Bay – North Tower, Barangay 2, Pasay, Metro Manila, Philippines",14.5577652,120.9886078
"The Magnolia residences – Tower A, B, and C","Kaunlaran, Quezon City, Metro Manila","The Magnolia residences – Tower A, B, and C, Kaunlaran, Quezon City, Metro Manila, Philippines",14.6902456,121.0856684
The Magnolia residences – Tower D,"Kaunlaran, Quezon City, Metro Manila","The Magnolia residences – Tower D, Kaunlaran, Quezon City, Metro Manila, Philippines",14.6133616,121.0387877
The Radiance Manila Bay – South Tower,"Barangay 2, Pasay, Metro Manila","The Radiance Manila Bay – South Tower, Barangay 2, Pasay, Metro Manila, Philippines",14.5577652,120.9886078
The Sapphire Bloc – East Tower,"San Antonio, Pasig, Metro Manila","The Sapphire Bloc – East Tower, San Antonio, Pasig, Metro Manila, Philippines",14.5876781,121.0625095
Acacia Escalades – Building B,"Manggahan, Pasig, Metro Manila","Acacia Escalades – Building B, Manggahan, Pasig, Metro Manila, Philippines",14.6052209,121.091448
Gem Residences,"Ugong, Pasig, Metro Manila","Gem Residences, Ugong, Pasig, Metro Manila, Philippines",14.5815288,121.0763385
Viento at Cerca,"Almanza Dos, Las Piñas, Metro Manila","Viento at Cerca, Almanza Dos, Las Piñas, Metro Manila, Philippines",14.4251214,121.0222084
Parkford Suites Legazpi,"San Lorenzo, Makati, Metro Manila","Parkford Suites Legazpi, San Lorenzo, Makati, Metro Manila, Philippines",14.55365,121.0162026
Park Cascades at Arca South,"Western Bicutan, Taguig, Metro Manila","Park Cascades at Arca South, Western Bicutan, Taguig, Metro Manila, Philippines",14.5061105,121.0476459
Orean Place at Vertis North,"Bagong Pag-Asa, Quezon City, Metro Manila","Orean Place at Vertis North, Bagong Pag-Asa, Quezon City, Metro Manila, Philippines",14.6483867,121.039251
The Spectrum,"Wack-Wack Greenhills, Mandaluyong, Metro Manila","The Spectrum, Wack-Wack Greenhills, Mandaluyong, Metro Manila, Philippines",14.5922687,121.0535762
MidPark Towers,"Baclaran, Parañaque, Metro Manila","MidPark Towers, Baclaran, Parañaque, Metro Manila, Philippines",14.5264375,120.9889375
The Arton,"Loyola Heights, Quezon City, Metro Manila","The Arton, Loyola Heights, Quezon City, Metro Manila, Philippines",14.6317311,121.0749915
Avida Towers Verge,"Highway Hills, Mandaluyong, Metro Manila","Avida Towers Verge, Highway Hills, Mandaluyong, Metro Manila, Philippines",14.5764212,121.052084
La Vie Flats,"Alabang, Muntinlupa, Metro Manila","La Vie Flats, Alabang, Muntinlupa, Metro Manila, Philippines",14.4131293,121.0361529
Hawthorne Heights,"Loyola Heights, Quezon City, Metro Manila","Hawthorne Heights, Loyola Heights, Quezon City, Metro Manila, Philippines",14.6329749,121.0739748
Shore 3 Residences,"Barangay 76, Pasay, Metro Manila","Shore 3 Residences, Barangay 76, Pasay, Metro Manila, Philippines",14.5387887,120.9858516
S Residences,"Barangay 76, Pasay, Metro Manila","S Residences, Barangay 76, Pasay, Metro Manila, Philippines",14.5331923,120.9880459
Mergent Residences,"Poblacion, Makati, Metro Manila","Mergent Residences, Poblacion, Makati, Metro Manila, Philippines",14.5666523,121.0292711
The Lattice at Parklinks,"Ugong Norte, Quezon City, Metro Manila","The Lattice at Parklinks, Ugong Norte, Quezon City, Metro Manila, Philippines",14.5983022,121.0843165
Avida Towers Cloverleaf,"Balingasa, Quezon City, Metro Manila","Avida Towers Cloverleaf, Balingasa, Quezon City, Metro Manila, Philippines",14.6541676,121.0015387
Arbor Lanes,"Western Bicutan, Taguig, Metro Manila","Arbor Lanes, Western Bicutan, Taguig, Metro Manila, Philippines",14.5066222,121.0497643
Callisto 2,"Carmona, Makati, Metro Manila","Callisto 2, Carmona, Makati, Metro Manila, Philippines",14.575159,121.018862
Garden Court,"Western Bicutan, Taguig, Metro Manila","Garden Court, Western Bicutan, Taguig, Metro Manila, Philippines",14.5031979,121.0462364
Portico,"Oranbo, Pasig, Metro Manila","Portico, Oranbo, Pasig, Metro Manila, Philippines",14.5746295,121.0654341
Sentrove at Cloverleaf,"Balingasa, Quezon City, Metro Manila","Sentrove at Cloverleaf, Balingasa, Quezon City, Metro Manila, Philippines",14.6550249,121.0018197
Palm Beach West,"Barangay 76, Pasay, Metro Manila","Palm Beach West, Barangay 76, Pasay, Metro Manila, Philippines",14.5429196,120.9890313
Copeton Baysuites,"Tambo, Parañaque, Metro Manila","Copeton Baysuites, Tambo, Parañaque, Metro Manila, Philippines",14.521631,120.991287
Light 2 Residences,"Barangka Ilaya, Mandaluyong, Metro Manila","Light 2 Residences, Barangka Ilaya, Mandaluyong, Metro Manila, Philippines",14.5741834,121.0497429
Gold Residences,"Santo Niño, Parañaque, Metro Manila","Gold Residences, Santo Niño, Parañaque, Metro Manila, Philippines",14.5056016,121.0002073
South Beach Place,"Tambo, Parañaque, Metro Manila","South Beach Place, Tambo, Parañaque, Metro Manila, Philippines",14.51677,120.9856363
Cirrus,"Manggahan, Pasig, Metro Manila","Cirrus, Manggahan, Pasig, Metro Manila, Philippines",14.5961454,121.0845987
Verde Spatial,"Commonwealth, Quezon City, Metro Manila","Verde Spatial, Commonwealth, Quezon City, Metro Manila, Philippines",14.7044095,121.0841167
Santorini at The Lakefront,"Sucat, Muntinlupa, Metro Manila","Santorini at The Lakefront, Sucat, Muntinlupa, Metro Manila, Philippines",36.3931562,25.4615092
Glam Residences,"South Triangle, Quezon City, Metro Manila","Glam Residences, South Triangle, Quezon City, Metro Manila, Philippines",14.634881,121.0423566
Sail Residences,"Barangay 76, Pasay, Metro Manila","Sail Residences, Barangay 76, Pasay, Metro Manila, Philippines",14.5374356,120.9860624
Leaf Residences,"Tunasan, Muntinlupa, Metro Manila","Leaf Residences, Tunasan, Muntinlupa, Metro Manila, Philippines",14.3862353,121.0448553
Bloom Residences,"San Antonio, Parañaque, Metro Manila","Bloom Residences, San Antonio, Parañaque, Metro Manila, Philippines",14.4555862,121.0395104
The Larsen Tower at East Bay Residences,"Sucat, Muntinlupa, Metro Manila","The Larsen Tower at East Bay Residences, Sucat, Muntinlupa, Metro Manila, Philippines",14.4483094,121.0474974
Activa Flex,"E. Rodriguez, Quezon City, Metro Manila","Activa Flex, E. Rodriguez, Quezon City, Metro Manila, Philippines",14.6219203,121.0503379
The Royalton at Capitol Commons,"Oranbo, Pasig, Metro Manila","The Royalton at Capitol Commons, Oranbo, Pasig, Metro Manila, Philippines",14.5761087,121.064739
Maple at Verdant Towers,"Ugong, Pasig, Metro Manila","Maple at Verdant Towers, Ugong, Pasig, Metro Manila, Philippines",14.5880008,121.076828
Red Residences,"Pio Del Pilar, Makati, Metro Manila","Red Residences, Pio Del Pilar, Makati, Metro Manila, Philippines",14.5559583,121.0135744
Lush Residences,"San Antonio, Makati, Metro Manila","Lush Residences, San Antonio, Makati, Metro Manila, Philippines",14.5636922,121.0151551
Vine Residences,"San Bartolome, Quezon City, Metro Manila","Vine Residences, San Bartolome, Quezon City, Metro Manila, Philippines",14.7090139,121.0356568
Satori Residences,"Santolan, Pasig, Metro Manila","Satori Residences, Santolan, Pasig, Metro Manila, Philippines",14.6173391,121.0862841
The Atherton,"San Antonio, Parañaque, Metro Manila","The Atherton, San Antonio, Parañaque, Metro Manila, Philippines",14.4629718,121.0254089
The Imperium at Capitol Commons,"Oranbo, Pasig, Metro Manila","The Imperium at Capitol Commons, Oranbo, Pasig, Metro Manila, Philippines",14.5757132,121.0642542
The Connor at Greenhhills,"Little Baguio, San Juan, Metro Manila","The Connor at Greenhhills, Little Baguio, San Juan, Metro Manila, Philippines",14.6018011,121.0370935
Circulo Verde,"Manggahan, Pasig, Metro Manila","Circulo Verde, Manggahan, Pasig, Metro Manila, Philippines",14.5996884,121.0908209
Studio 7,"South Triangle, Quezon City, Metro Manila","Studio 7, South Triangle, Quezon City, Metro Manila, Philippines",14.6366406,121.0420453
Panglao Oasis,"Pinagsama, Taguig, Metro Manila","Panglao Oasis, Pinagsama, Taguig, Metro Manila, Philippines",14.526548,121.052143
Maven,"Oranbo, Pasig, Metro Manila","Maven, Oranbo, Pasig, Metro Manila, Philippines",14.5760998,121.0650585
The Residences at Commonwealth Quezon City,"Batasan Hills, Quezon City, Metro Manila","The Residences at Commonwealth Quezon City, Batasan Hills, Quezon City, Metro Manila, Philippines",14.6799785,121.0880864
Trump Towers,"Poblacion, Makati, Metro Manila","Trump Towers, Poblacion, Makati, Metro Manila, Philippines",14.5651496,121.0283317
The Milano Residences,"Poblacion, Makati, Metro Manila","The Milano Residences, Poblacion, Makati, Metro Manila, Philippines",14.5670334,121.0273118
Aurora Escalades_,"San Roque, Quezon City, Metro Manila","Aurora Escalades_, San Roque, Quezon City, Metro Manila, Philippines",14.6257227,121.0591982
Fairlane Residences,"Kapitolyo, Pasig, Metro Manila","Fairlane Residences, Kapitolyo, Pasig, Metro Manila, Philippines",14.5695022,121.0556254
12 Luxury Flats,"Little Baguio, San Juan, Metro Manila","12 Luxury Flats, Little Baguio, San Juan, Metro Manila, Philippines",14.5985054,121.0379052
Kai Garden Residences,"Malamig, Mandaluyong, Metro Manila","Kai Garden Residences, Malamig, Mandaluyong, Metro Manila, Philippines",14.5759944,121.044818
Omni Gardens,"Quiapo, Manila, Metro Manila","Omni Gardens, Quiapo, Manila, Metro Manila, Philippines",14.5982686,120.9861981
The Olive Place,"Plainview, Mandaluyong, Metro Manila","The Olive Place, Plainview, Mandaluyong, Metro Manila, Philippines",14.5896087,121.0385789
The Orabella,"Pasong Tamo, Quezon City, Metro Manila","The Orabella, Pasong Tamo, Quezon City, Metro Manila, Philippines",14.6762639,121.0653649
One Eastwood Avenue Tower 2,"Pasong Tamo, Quezon City, Metro Manila","One Eastwood Avenue Tower 2, Pasong Tamo, Quezon City, Metro Manila, Philippines",14.6084673,121.0798941
One Eastwood Avenue Tower 1,"Pasong Tamo, Quezon City, Metro Manila","One Eastwood Avenue Tower 1, Pasong Tamo, Quezon City, Metro Manila, Philippines",14.6077212,121.0791733
Calathea Place,"San Antonio, Parañaque, Metro Manila","Calathea Place, San Antonio, Parañaque, Metro Manila, Philippines",14.4640149,121.0218468
Palm Grove,"Don Bosco, Parañaque, Metro Manila","Palm Grove, Don Bosco, Parañaque, Metro Manila, Philippines",14.4762919,121.0258581
The Residences at The Westin Manila Sonata Place,"Wack-Wack Greenhills, Mandaluyong, Metro Manila","The Residences at The Westin Manila Sonata Place, Wack-Wack Greenhills, Mandaluyong, Metro Manila, Philippines",14.5806015,121.0587451
Sunshine 100 City Plaza,"Buayang Bato, Mandaluyong, Metro Manila","Sunshine 100 City Plaza, Buayang Bato, Mandaluyong, Metro Manila, Philippines",14.5707002,121.0517031
Pacific Plaza Condominium,"Urdaneta, Makati, Metro Manila","Pacific Plaza Condominium, Urdaneta, Makati, Metro Manila, Philippines",14.5523229,121.0280998
Mercedes Residences,"San Miguel, Pasig, Metro Manila","Mercedes Residences, San Miguel, Pasig, Metro Manila, Philippines",14.5681782,121.0873274
SMDC LIGHT RESIDENCE,"Plainview, Mandaluyong, Metro Manila","SMDC LIGHT RESIDENCE, Plainview, Mandaluyong, Metro Manila, Philippines",14.573655,121.0488294
Prisma Residences,"Bagong Ilog, Pasig, Metro Manila","Prisma Residences, Bagong Ilog, Pasig, Metro Manila, Philippines",14.5630678,121.0677929
Bay Area Suites Condominium,"Quiapo, Manila, Metro Manila","Bay Area Suites Condominium, Quiapo, Manila, Metro Manila, Philippines",14.5798826,120.9823331
Oak Harbor Residences,"Don Bosco, Parañaque, Metro Manila","Oak Harbor Residences, Don Bosco, Parañaque, Metro Manila, Philippines",14.4827054,121.0249093
INFINA TOWERS,"Marilag, Quezon City, Metro Manila","INFINA TOWERS, Marilag, Quezon City, Metro Manila, Philippines",14.6282201,121.0674028
LAKEVIEW MANORS,"Ususan, Taguig, Metro Manila","LAKEVIEW MANORS, Ususan, Taguig, Metro Manila, Philippines",14.5367497,121.0699222
Brixton Place,"Kapitolyo, Pasig, Metro Manila","Brixton Place, Kapitolyo, Pasig, Metro Manila, Philippines",14.5691403,121.0555246
THE CELANDINE,"Balingasa, Quezon City, Metro Manila","THE CELANDINE, Balingasa, Quezon City, Metro Manila, Philippines",14.6546166,120.9984237
San francisco Garden Condominium,"Barangka Itaas, Mandaluyong, Metro Manila","San francisco Garden Condominium, Barangka Itaas, Mandaluyong, Metro Manila, Philippines",14.5736996,121.0430598
The Courtyard at the Pacific Residences,"Salawag, Dasmariñas, Cavite","The Courtyard at the Pacific Residences, Salawag, Dasmariñas, Cavite, Philippines",14.3606724,120.9699475
The Currency - Commercial and Office Units for Sale,"San Antonio, Pasig, Metro Manila","The Currency - Commercial and Office Units for Sale, San Antonio, Pasig, Metro Manila, Philippines",14.5845844,121.0620632
Melbourne Residences,"Urdaneta, Makati, Metro Manila","Melbourne Residences, Urdaneta, Makati, Metro Manila, Philippines",14.5553856,121.0008348
The Trion Towers I,"BGC, Taguig, Metro Manila","The Trion Towers I, BGC, Taguig, Metro Manila, Philippines",14.5460967,121.0495991
West Gallery Place,"BGC, Taguig, Metro Manila","West Gallery Place, BGC, Taguig, Metro Manila, Philippines",14.5490434,121.0512806
Park Central Towers,"Urdaneta, Makati, Metro Manila","Park Central Towers, Urdaneta, Makati, Metro Manila, Philippines",14.5586922,121.0266752
Woodsville Viverde Mansions,"Merville, Parañaque, Metro Manila","Woodsville Viverde Mansions, Merville, Parañaque, Metro Manila, Philippines",14.5000737,121.037053
The Fifth Avenue Place,"BGC, Taguig, Metro Manila","The Fifth Avenue Place, BGC, Taguig, Metro Manila, Philippines",14.5490236,121.0469176
Escalades South Metro,"Salapan, San Juan, Metro Manila","Escalades South Metro, Salapan, San Juan, Metro Manila, Philippines",14.6114559,121.0241925
Escalades @20th Avenue,"San Roque, Quezon City, Metro Manila","Escalades @20th Avenue, San Roque, Quezon City, Metro Manila, Philippines",14.6252291,121.0609035
Adriatico Place,"Malate, Manila, Metro Manila","Adriatico Place, Malate, Manila, Metro Manila, Philippines",14.5663115,120.9882828
"Asiana Oasis, Parañaque City","Metro Manila, Parañaque","Asiana Oasis, Parañaque City, Metro Manila, Parañaque, Philippines",14.494569,121.0053597
Chimes Greenhills,"Greenhills, San Juan, Metro Manila","Chimes Greenhills, Greenhills, San Juan, Metro Manila, Philippines",14.6055414,121.0553235
Acacia Escalades,"Manggahan, Pasig, Metro Manila","Acacia Escalades, Manggahan, Pasig, Metro Manila, Philippines",14.6052209,121.091448
Amaia Steps Bicutan 1,"Sun Valley, Parañaque, Metro Manila","Amaia Steps Bicutan 1, Sun Valley, Parañaque, Metro Manila, Philippines",14.493208,121.0413049
Amaia Steps Alabang,"Almanza Dos, Las Piñas, Metro Manila","Amaia Steps Alabang, Almanza Dos, Las Piñas, Metro Manila, Philippines",14.4288088,121.0165043
Amaia Skies Sta. Mesa - South Tower,"Quiapo, Manila, Metro Manila","Amaia Skies Sta. Mesa - South Tower, Quiapo, Manila, Metro Manila, Philippines",14.5976037,121.0189014
Amaia Skies Shaw - North Tower,"Plainview, Mandaluyong, Metro Manila","Amaia Skies Shaw - North Tower, Plainview, Mandaluyong, Metro Manila, Philippines",14.5842409,121.0498496
Amaia Skies Cubao,"Pasong Tamo, Quezon City, Metro Manila","Amaia Skies Cubao, Pasong Tamo, Quezon City, Metro Manila, Philippines",14.6793833,121.0593087
Amaia Skies Avenida - North Tower,"Quiapo, Manila, Metro Manila","Amaia Skies Avenida - North Tower, Quiapo, Manila, Metro Manila, Philippines",14.6049623,120.9814738
High Street South Block,"Pinagsama, Taguig, Metro Manila","High Street South Block, Pinagsama, Taguig, Metro Manila, Philippines",14.548153,121.051054
The Suites at One Bonifacio High Street,"Pinagsama, Taguig, Metro Manila","The Suites at One Bonifacio High Street, Pinagsama, Taguig, Metro Manila, Philippines",14.5513384,121.0457759
One Serendra,"BGC, Taguig, Metro Manila","One Serendra, BGC, Taguig, Metro Manila, Philippines",14.5503762,121.0542753
Avida Towers Vita,"Metro Manila, Quezon City","Avida Towers Vita, Metro Manila, Quezon City, Philippines",14.646806,121.036889
Avida Towers Davao,Metro Manila,"Avida Towers Davao, Metro Manila, Philippines",14.6090537,121.0222565
One Park Drive,"Metro Manila, Taguig","One Park Drive, Metro Manila, Taguig, Philippines",14.5560217,121.0532919
Greenbelt Hamilton 2,"San Lorenzo, Makati, Metro Manila","Greenbelt Hamilton 2, San Lorenzo, Makati, Metro Manila, Philippines",14.5560862,121.0162585
San Antonio Residence,"San Antonio, Makati, Metro Manila","San Antonio Residence, San Antonio, Makati, Metro Manila, Philippines",14.5594895,121.0096865
Tres Palmas,"Bagong Tanyag, Taguig, Metro Manila","Tres Palmas, Bagong Tanyag, Taguig, Metro Manila, Philippines",14.4773218,121.0485599
Axis Residences,"Highway Hills, Mandaluyong, Metro Manila","Axis Residences, Highway Hills, Mandaluyong, Metro Manila, Philippines",14.5815444,121.0479666
Raya Gardens,"Merville, Parañaque, Metro Manila","Raya Gardens, Merville, Parañaque, Metro Manila, Philippines",14.506155,121.0344086
Alphaland Makati Place,"Bangkal, Makati, Metro Manila","Alphaland Makati Place, Bangkal, Makati, Metro Manila, Philippines",14.5459873,121.0137143
Icon Plaza,"BGC, Taguig, Metro Manila","Icon Plaza, BGC, Taguig, Metro Manila, Philippines",14.5481525,121.0478197
symfoni kamias,"Ramon Magsaysay, Quezon City, Metro Manila","symfoni kamias, Ramon Magsaysay, Quezon City, Metro Manila, Philippines",14.659539,121.022759
Manggahan Village,"Bagong Ilog, Pasig, Metro Manila","Manggahan Village, Bagong Ilog, Pasig, Metro Manila, Philippines",14.5653911,121.06934
Fairways Tower,"BGC, Taguig, Metro Manila","Fairways Tower, BGC, Taguig, Metro Manila, Philippines",14.5459012,121.0455423
Solano Hills Sucat,"Alabang, Muntinlupa, Metro Manila","Solano Hills Sucat, Alabang, Muntinlupa, Metro Manila, Philippines",14.4181972,121.0421102
Arezzo Place Pasig,"San Joaquin, Pasig, Metro Manila","Arezzo Place Pasig, San Joaquin, Pasig, Metro Manila, Philippines",14.5512053,121.0779377
ASIA Enclaves Alabang,"Alabang, Muntinlupa, Metro Manila","ASIA Enclaves Alabang, Alabang, Muntinlupa, Metro Manila, Philippines",14.4055591,121.0472066
Flora Vista,"Commonwealth, Quezon City, Metro Manila","Flora Vista, Commonwealth, Quezon City, Metro Manila, Philippines",14.7035541,121.0748509
San Benissa Garden,"Pasong Putik Proper, Quezon City, Metro Manila","San Benissa Garden, Pasong Putik Proper, Quezon City, Metro Manila, Philippines",14.7273969,121.0470276
Spazio Bernardo West Villas,"Gulod, Quezon City, Metro Manila","Spazio Bernardo West Villas, Gulod, Quezon City, Metro Manila, Philippines",14.6567726,121.0302937
Sunny Villas,"Gulod, Quezon City, Metro Manila","Sunny Villas, Gulod, Quezon City, Metro Manila, Philippines",14.7119021,121.0406769
The Forbes Hall,"Manila, Metro Manila","The Forbes Hall, Manila, Metro Manila, Philippines",14.6031246,120.9951858
Shangri-La at The Fort,"Bagong Tanyag, Taguig, Metro Manila","Shangri-La at The Fort, Bagong Tanyag, Taguig, Metro Manila, Philippines",14.5524816,121.0468063
BRESCIA RESIDENCES,"Pasong Tamo, Quezon City, Metro Manila","BRESCIA RESIDENCES, Pasong Tamo, Quezon City, Metro Manila, Philippines",14.6770359,121.0471118
PINE CREST,"Mariana, Quezon City, Metro Manila","PINE CREST, Mariana, Quezon City, Metro Manila, Philippines",14.6158389,121.0388275
PRESIDIO AT LAKEFRONT,"Sucat, Muntinlupa, Metro Manila","PRESIDIO AT LAKEFRONT, Sucat, Muntinlupa, Metro Manila, Philippines",14.4668198,121.0542929
Sonria,"Alabang, Muntinlupa, Metro Manila","Sonria, Alabang, Muntinlupa, Metro Manila, Philippines",14.4259315,121.0264736
The Bellagio 2,"Pinagsama, Taguig, Metro Manila","The Bellagio 2, Pinagsama, Taguig, Metro Manila, Philippines",14.5520565,121.0436429
Mckinley West Village,"Pinagsama, Taguig, Metro Manila","Mckinley West Village, Pinagsama, Taguig, Metro Manila, Philippines",14.5384013,121.0456664
The Avenue Residences,"Talipapa, Quezon City, Metro Manila","The Avenue Residences, Talipapa, Quezon City, Metro Manila, Philippines",14.6816732,121.0180545
1322 Golden Empire Tower,"Ermita, Manila, Metro Manila","1322 Golden Empire Tower, Ermita, Manila, Metro Manila, Philippines",14.5764256,120.9801932
Moldex Residences Valenzuela,"Paso de Blas, Valenzuela, Metro Manila","Moldex Residences Valenzuela, Paso de Blas, Valenzuela, Metro Manila, Philippines",14.7047464,120.9887325
The Grand Towers Manila,"Malate, Manila, Metro Manila","The Grand Towers Manila, Malate, Manila, Metro Manila, Philippines",14.5617838,120.9945493
One Shangri-La Place,"Wack-Wack Greenhills, Mandaluyong, Metro Manila","One Shangri-La Place, Wack-Wack Greenhills, Mandaluyong, Metro Manila, Philippines",14.5820522,121.0557985
The Saint Francis Shangri-la Place,"Highway Hills, Mandaluyong, Metro Manila","The Saint Francis Shangri-la Place, Highway Hills, Mandaluyong, Metro Manila, Philippines",,
Shang Salcedo Place,"Bel-Air, Makati, Metro Manila","Shang Salcedo Place, Bel-Air, Makati, Metro Manila, Philippines",14.5614505,121.020393
The Rise Makati By Shangrila,"San Antonio, Makati, Metro Manila","The Rise Makati By Shangrila, San Antonio, Makati, Metro Manila, Philippines",14.5622312,121.0133797
Hacienda Balai,"Barangay 177, Quezon City, Metro Manila","Hacienda Balai, Barangay 177, Quezon City, Metro Manila, Philippines",14.7432528,121.0492003
La Nobleza Terrazas,"Malate, Manila, Metro Manila","La Nobleza Terrazas, Malate, Manila, Metro Manila, Philippines",14.5746557,120.9823443
The TREVI TOWERS,"Tugatog, Malabon, Metro Manila","The TREVI TOWERS, Tugatog, Malabon, Metro Manila, Philippines",14.6629184,120.9689892
The Manila Residences,"Malate, Manila, Metro Manila","The Manila Residences, Malate, Manila, Metro Manila, Philippines",14.566764,120.9935709
dakotaresidences,"Tugatog, Malabon, Metro Manila","dakotaresidences, Tugatog, Malabon, Metro Manila, Philippines",14.6629184,120.9689892
Madison Park West,"Pinagsama, Taguig, Metro Manila","Madison Park West, Pinagsama, Taguig, Metro Manila, Philippines",14.5583633,121.0512055
East of Galleria,"San Antonio, Pasig, Metro Manila","East of Galleria, San Antonio, Pasig, Metro Manila, Philippines",14.5884375,121.0606114
Shore 2 Residences,"Malate, Manila, Metro Manila","Shore 2 Residences, Malate, Manila, Metro Manila, Philippines",14.5405606,120.9863802
The Royalton,"Oranbo, Pasig, Metro Manila","The Royalton, Oranbo, Pasig, Metro Manila, Philippines",14.5761087,121.064739
Majorca Tower,"Ramon Magsaysay, Quezon City, Metro Manila","Majorca Tower, Ramon Magsaysay, Quezon City, Metro Manila, Philippines",14.659539,121.022759
Avila at Circulo Verde,"Bagumbayan, Quezon City, Metro Manila","Avila at Circulo Verde, Bagumbayan, Quezon City, Metro Manila, Philippines",14.6023077,121.0878371
Lleida Tower,"Bagumbayan, Quezon City, Metro Manila","Lleida Tower, Bagumbayan, Quezon City, Metro Manila, Philippines",14.6022545,121.0883293
Seville Residences,"Bagumbayan, Quezon City, Metro Manila","Seville Residences, Bagumbayan, Quezon City, Metro Manila, Philippines",14.6029161,121.0888117
Ibiza at Circulo Verde,"Manggahan, Pasig, Metro Manila","Ibiza at Circulo Verde, Manggahan, Pasig, Metro Manila, Philippines",14.6023077,121.0878371
Vinia Residences,"Phil-Am, Quezon City, Metro Manila","Vinia Residences, Phil-Am, Quezon City, Metro Manila, Philippines",14.6511737,121.0325504
Amaia Steps Nova,"Pasong Tamo, Quezon City, Metro Manila","Amaia Steps Nova, Pasong Tamo, Quezon City, Metro Manila, Philippines",14.6839482,121.0621807
One Oasis Ortigas,"Santa Lucia, Pasig, Metro Manila","One Oasis Ortigas, Santa Lucia, Pasig, Metro Manila, Philippines",14.5896188,121.0958667
Solstice at Circuit Makati,"Carmona, Makati, Metro Manila","Solstice at Circuit Makati, Carmona, Makati, Metro Manila, Philippines",14.5745289,121.0186751
High Park at Vertis North,"Bagong Pag-Asa, Quezon City, Metro Manila","High Park at Vertis North, Bagong Pag-Asa, Quezon City, Metro Manila, Philippines",14.6484198,121.0382333
Park Triangle Residences,"BGC, Taguig, Metro Manila","Park Triangle Residences, BGC, Taguig, Metro Manila, Philippines",14.5529172,121.0542996
Avida Towers Intima,"Metro Manila, Manila","Avida Towers Intima, Metro Manila, Manila, Philippines",14.5832123,120.995821
One Antonio,"San Antonio, Makati, Metro Manila","One Antonio, San Antonio, Makati, Metro Manila, Philippines",14.5640854,121.0128905
Eight Wack Wack,"Plainview, Mandaluyong, Metro Manila","Eight Wack Wack, Plainview, Mandaluyong, Metro Manila, Philippines",14.5756052,121.0349434
Amvel Mansions,"Tugatog, Malabon, Metro Manila","Amvel Mansions, Tugatog, Malabon, Metro Manila, Philippines",14.6629184,120.9689892
Elizabeth Place,"Bel-Air, Makati, Metro Manila","Elizabeth Place, Bel-Air, Makati, Metro Manila, Philippines",14.5616881,121.0208173
Grand Hamptons,"Forbes Park North, Makati, Metro Manila","Grand Hamptons, Forbes Park North, Makati, Metro Manila, Philippines",14.5512273,121.0353201
Dansalan Garden,"Malamig, Mandaluyong, Metro Manila","Dansalan Garden, Malamig, Mandaluyong, Metro Manila, Philippines",14.5749149,121.0446051
Portovita Condominium,"Socorro, Quezon City, Metro Manila","Portovita Condominium, Socorro, Quezon City, Metro Manila, Philippines",14.6195348,121.0583989
Sea Residences Tower A,"Barangay 97, Pasay, Metro Manila","Sea Residences Tower A, Barangay 97, Pasay, Metro Manila, Philippines",14.5338425,120.9859729
Greenbelt Parkplace,"Urdaneta, Makati, Metro Manila","Greenbelt Parkplace, Urdaneta, Makati, Metro Manila, Philippines",14.5557562,121.0292097
Larossa In Capitol Hills,"Matandang Balara, Quezon City, Metro Manila","Larossa In Capitol Hills, Matandang Balara, Quezon City, Metro Manila, Philippines",14.6649406,121.0823425
Escala Salcedo,"Bel-Air, Makati, Metro Manila","Escala Salcedo, Bel-Air, Makati, Metro Manila, Philippines",14.559459,121.023351
Victoria De Manila 2,"Malate, Manila, Metro Manila","Victoria De Manila 2, Malate, Manila, Metro Manila, Philippines",14.5742612,120.989016
Torre Central,"Manila, Metro Manila","Torre Central, Manila, Metro Manila, Philippines",14.6068549,120.990619
COVENT GARDEN,"Santa Mesa, Manila, Metro Manila","COVENT GARDEN, Santa Mesa, Manila, Metro Manila, Philippines",14.6011125,121.0011417
One Shangrila Place Ortigas,"Metro Manila, Mandaluyong","One Shangrila Place Ortigas, Metro Manila, Mandaluyong, Philippines",14.5820522,121.0557985
Elements Eco-Efficient Residences,"Kapitolyo, Pasig, Metro Manila","Elements Eco-Efficient Residences, Kapitolyo, Pasig, Metro Manila, Philippines",14.5701673,121.0643896
Royal Palm Villa,"Tugatog, Malabon, Metro Manila","Royal Palm Villa, Tugatog, Malabon, Metro Manila, Philippines",14.6629184,120.9689892
One Central Tower 1,"Urdaneta, Makati, Metro Manila","One Central Tower 1, Urdaneta, Makati, Metro Manila, Philippines",14.5586922,121.0266752
Mezza II Residences,"Pasong Tamo, Quezon City, Metro Manila","Mezza II Residences, Pasong Tamo, Quezon City, Metro Manila, Philippines",14.6793833,121.0593087
One Nenita Place,"Ramon Magsaysay, Quezon City, Metro Manila","One Nenita Place, Ramon Magsaysay, Quezon City, Metro Manila, Philippines",14.659539,121.022759
Vivaldi Residences,"Ramon Magsaysay, Quezon City, Metro Manila","Vivaldi Residences, Ramon Magsaysay, Quezon City, Metro Manila, Philippines",14.659539,121.022759
Amaia Steps Novaliches,"Ramon Magsaysay, Quezon City, Metro Manila","Amaia Steps Novaliches, Ramon Magsaysay, Quezon City, Metro Manila, Philippines",14.659539,121.022759
WILL TOWER,"Ramon Magsaysay, Quezon City, Metro Manila","WILL TOWER, Ramon Magsaysay, Quezon City, Metro Manila, Philippines",14.6383294,121.0373537
Circulo Verde Lleida,"Metro Manila, Quezon City","Circulo Verde Lleida, Metro Manila, Quezon City, Philippines",14.6487853,121.0509385
The Manors at Celebrity Place,"Ramon Magsaysay, Quezon City, Metro Manila","The Manors at Celebrity Place, Ramon Magsaysay, Quezon City, Metro Manila, Philippines",14.666689,121.0784693
Grass Residences,"Alicia, Quezon City, Metro Manila","Grass Residences, Alicia, Quezon City, Metro Manila, Philippines",14.6603303,121.0281954
One Metropolitan Place,"Malate, Manila, Metro Manila","One Metropolitan Place, Malate, Manila, Metro Manila, Philippines",14.5364686,121.0043245
Studio Zen Taft,"Malate, Manila, Metro Manila","Studio Zen Taft, Malate, Manila, Metro Manila, Philippines",14.5684018,120.992545
The Parkside Villa,"Malate, Manila, Metro Manila","The Parkside Villa, Malate, Manila, Metro Manila, Philippines",14.5193052,121.0206069
Pinecrest,"Ramon Magsaysay, Quezon City, Metro Manila","Pinecrest, Ramon Magsaysay, Quezon City, Metro Manila, Philippines",14.659539,121.022759
Oceanaire Luxurious Residences,"Malate, Manila, Metro Manila","Oceanaire Luxurious Residences, Malate, Manila, Metro Manila, Philippines",14.5325987,120.9862009
MANILA RESIDENCES,"Tondo, Manila, Metro Manila","MANILA RESIDENCES, Tondo, Manila, Metro Manila, Philippines",14.566764,120.9935709
CIVIC PLACE,"Alabang, Muntinlupa, Metro Manila","CIVIC PLACE, Alabang, Muntinlupa, Metro Manila, Philippines",14.4141749,121.0434091
MONTECITO RESIDENTIAL RESORT,"Malate, Manila, Metro Manila","MONTECITO RESIDENTIAL RESORT, Malate, Manila, Metro Manila, Philippines",14.5222514,121.0174281
CORINTHIAN EXECUTIVE REGENCY,"Bagong Ilog, Pasig, Metro Manila","CORINTHIAN EXECUTIVE REGENCY, Bagong Ilog, Pasig, Metro Manila, Philippines",14.5899067,121.0616823
One Mckinley Place,"BGC, Taguig, Metro Manila","One Mckinley Place, BGC, Taguig, Metro Manila, Philippines",14.5489991,121.0452903
MANHATTAN GARDEN,"Ramon Magsaysay, Quezon City, Metro Manila","MANHATTAN GARDEN, Ramon Magsaysay, Quezon City, Metro Manila, Philippines",14.659539,121.022759
South of Market Private Residences (SOMA),"Bagong Tanyag, Taguig, Metro Manila","South of Market Private Residences (SOMA), Bagong Tanyag, Taguig, Metro Manila, Philippines",14.5468417,121.0519642
CHERRY ORCHARD SUITES,"Ramon Magsaysay, Quezon City, Metro Manila","CHERRY ORCHARD SUITES, Ramon Magsaysay, Quezon City, Metro Manila, Philippines",14.659539,121.022759
ANUVA CONDO,"Alabang, Muntinlupa, Metro Manila","ANUVA CONDO, Alabang, Muntinlupa, Metro Manila, Philippines",14.4427612,121.0458815
PALMDALE HEIGHTS,"Bagong Ilog, Pasig, Metro Manila","PALMDALE HEIGHTS, Bagong Ilog, Pasig, Metro Manila, Philippines",14.5653911,121.06934
BSA Twin Tower,"Wack-Wack Greenhills, Mandaluyong, Metro Manila","BSA Twin Tower, Wack-Wack Greenhills, Mandaluyong, Metro Manila, Philippines",14.586044,121.058239
GA Tower Two,"Addition Hills, Mandaluyong, Metro Manila","GA Tower Two, Addition Hills, Mandaluyong, Metro Manila, Philippines",14.5829437,121.0378102
The Viceroy Residences,"Bagong Tanyag, Taguig, Metro Manila","The Viceroy Residences, Bagong Tanyag, Taguig, Metro Manila, Philippines",14.5327212,121.0498396
One Uptown Residences,"South Cembo, Makati, Metro Manila","One Uptown Residences, South Cembo, Makati, Metro Manila, Philippines",14.5570147,121.0529192
One Orchard Road,"Ramon Magsaysay, Quezon City, Metro Manila","One Orchard Road, Ramon Magsaysay, Quezon City, Metro Manila, Philippines",14.659539,121.022759
Number One West Tower,"Bangkal, Makati, Metro Manila","Number One West Tower, Bangkal, Makati, Metro Manila, Philippines",14.5429948,121.0150011
University Tower,"Bangkal, Makati, Metro Manila","University Tower, Bangkal, Makati, Metro Manila, Philippines",14.5459873,121.0137143
The Gramercy Residences,"Poblacion, Makati, Metro Manila","The Gramercy Residences, Poblacion, Makati, Metro Manila, Philippines",14.5656463,121.0284744
One Union Place,"Western Bicutan, Taguig, Metro Manila","One Union Place, Western Bicutan, Taguig, Metro Manila, Philippines",14.5029325,121.0476261
329 Armstrong,"Barangay 76, Pasay, Metro Manila","329 Armstrong, Barangay 76, Pasay, Metro Manila, Philippines",14.5451838,120.9924823
Cityland Shaw Tower,"Addition Hills, Mandaluyong, Metro Manila","Cityland Shaw Tower, Addition Hills, Mandaluyong, Metro Manila, Philippines",14.5847099,121.0494422
Beaufort East Condo,"Bagong Tanyag, Taguig, Metro Manila","Beaufort East Condo, Bagong Tanyag, Taguig, Metro Manila, Philippines",14.5463039,121.0456263
Manhattan Square,"Bangkal, Makati, Metro Manila","Manhattan Square, Bangkal, Makati, Metro Manila, Philippines",14.5459873,121.0137143
Palawan Tower at Bay Gardens,"Malate, Manila, Metro Manila","Palawan Tower at Bay Gardens, Malate, Manila, Metro Manila, Philippines",14.5726563,120.9900993
OLYMPIC HEIGHTS,"Ramon Magsaysay, Quezon City, Metro Manila","OLYMPIC HEIGHTS, Ramon Magsaysay, Quezon City, Metro Manila, Philippines",14.659539,121.022759
Stamford Executive Residences,"Bagong Tanyag, Taguig, Metro Manila","Stamford Executive Residences, Bagong Tanyag, Taguig, Metro Manila, Philippines",14.5338058,121.0487587
STRATA VIEWS,"Balong-Bato, San Juan, Metro Manila","STRATA VIEWS, Balong-Bato, San Juan, Metro Manila, Philippines",14.6086583,121.025626
M PLACE,"Ramon Magsaysay, Quezon City, Metro Manila","M PLACE, Ramon Magsaysay, Quezon City, Metro Manila, Philippines",14.659539,121.022759
EIGHT FORBESTOWN ROAD,"Bagong Tanyag, Taguig, Metro Manila","EIGHT FORBESTOWN ROAD, Bagong Tanyag, Taguig, Metro Manila, Philippines",14.5507309,121.0439466
The barons place,"Balong-Bato, San Juan, Metro Manila","The barons place, Balong-Bato, San Juan, Metro Manila, Philippines",14.6086583,121.025626
The Columns Legaspi Village,"Bangkal, Makati, Metro Manila","The Columns Legaspi Village, Bangkal, Makati, Metro Manila, Philippines",14.5514314,121.0160125
The Palmtree at NewPort City,"Malate, Manila, Metro Manila","The Palmtree at NewPort City, Malate, Manila, Metro Manila, Philippines",14.5847318,121.0494402
Sofia Bellevue,"Ramon Magsaysay, Quezon City, Metro Manila","Sofia Bellevue, Ramon Magsaysay, Quezon City, Metro Manila, Philippines",14.659539,121.022759
MAGNOLIA RESIDENCES,"Ramon Magsaysay, Quezon City, Metro Manila","MAGNOLIA RESIDENCES, Ramon Magsaysay, Quezon City, Metro Manila, Philippines",14.659539,121.022759
THE SHANG GRAND TOWER,"San Lorenzo, Makati, Metro Manila","THE SHANG GRAND TOWER, San Lorenzo, Makati, Metro Manila, Philippines",14.5547389,121.0213696
Swire Elan Suites,"Greenhills, San Juan, Metro Manila","Swire Elan Suites, Greenhills, San Juan, Metro Manila, Philippines",14.6037592,121.0510743
Azure Urban Resort Residences Parañaque,"Marcelo Green Village, Parañaque, Metro Manila","Azure Urban Resort Residences Parañaque, Marcelo Green Village, Parañaque, Metro Manila, Philippines",14.4839108,121.0438694
PONTE SALCEDO,"Bangkal, Makati, Metro Manila","PONTE SALCEDO, Bangkal, Makati, Metro Manila, Philippines",14.5459873,121.0137143
Phoenix Heights,"Bagong Ilog, Pasig, Metro Manila","Phoenix Heights, Bagong Ilog, Pasig, Metro Manila, Philippines",14.5719283,121.0683312
Antel Seaview,"Malate, Manila, Metro Manila","Antel Seaview, Malate, Manila, Metro Manila, Philippines",14.5409566,120.9926572
Grand Soho Makati,"Bel-Air, Makati, Metro Manila","Grand Soho Makati, Bel-Air, Makati, Metro Manila, Philippines",14.5617893,121.0231165
THE COLONADE RESIDENCES,"Bangkal, Makati, Metro Manila","THE COLONADE RESIDENCES, Bangkal, Makati, Metro Manila, Philippines",14.554417,121.0185934
Sarasota Residential Resort,"Malate, Manila, Metro Manila","Sarasota Residential Resort, Malate, Manila, Metro Manila, Philippines",14.5223523,121.0156289
ALPHA SALCEDO,"Bel-Air, Makati, Metro Manila","ALPHA SALCEDO, Bel-Air, Makati, Metro Manila, Philippines",14.5611581,121.0226694
Kensington Place,"BGC, Taguig, Metro Manila","Kensington Place, BGC, Taguig, Metro Manila, Philippines",14.5532149,121.0438123
Cityland Rada Regency,"Bangkal, Makati, Metro Manila","Cityland Rada Regency, Bangkal, Makati, Metro Manila, Philippines",14.5554443,121.0179608
oriental gardens makati,"Bangkal, Makati, Metro Manila","oriental gardens makati, Bangkal, Makati, Metro Manila, Philippines",14.5459873,121.0137143
Cityland Pioneer,"Addition Hills, Mandaluyong, Metro Manila","Cityland Pioneer, Addition Hills, Mandaluyong, Metro Manila, Philippines",14.5829437,121.0378102
Aston at Two Serendra,"Bagong Tanyag, Taguig, Metro Manila","Aston at Two Serendra, Bagong Tanyag, Taguig, Metro Manila, Philippines",14.5468365,121.053565
Sapphire Residences,"BGC, Taguig, Metro Manila","Sapphire Residences, BGC, Taguig, Metro Manila, Philippines",14.5541156,121.0451112
ADRIATICO RESIDENCES,"Quiapo, Manila, Metro Manila","ADRIATICO RESIDENCES, Quiapo, Manila, Metro Manila, Philippines",14.5746765,120.9839052
EL JARDIN DEL PRESIDENTE 2,"South Triangle, Quezon City, Metro Manila","EL JARDIN DEL PRESIDENTE 2, South Triangle, Quezon City, Metro Manila, Philippines",14.6379689,121.0388494
Two Maridien,"BGC, Taguig, Metro Manila","Two Maridien, BGC, Taguig, Metro Manila, Philippines",14.5484188,121.0500827
EDADES TOWER AND GARDEN VILLAS,"Rockwell, Makati, Metro Manila","EDADES TOWER AND GARDEN VILLAS, Rockwell, Makati, Metro Manila, Philippines",14.5664278,121.0364517
Joya Lofts and Towers,"Rockwell, Makati, Metro Manila","Joya Lofts and Towers, Rockwell, Makati, Metro Manila, Philippines",14.5651562,121.0375876
THE COLUMNS LEGAZPI VILLAGE,"San Lorenzo, Makati, Metro Manila","THE COLUMNS LEGAZPI VILLAGE, San Lorenzo, Makati, Metro Manila, Philippines",14.5516578,121.0156315
GRAND HYATT RESIDENCES,"BGC, Taguig, Metro Manila","GRAND HYATT RESIDENCES, BGC, Taguig, Metro Manila, Philippines",14.5575286,121.052148
ONE BURGUNDY PLAZA,"Ramon Magsaysay, Quezon City, Metro Manila","ONE BURGUNDY PLAZA, Ramon Magsaysay, Quezon City, Metro Manila, Philippines",14.6380003,121.0742727
Tuscany Private Estate,"McKinley Hill, Taguig, Metro Manila","Tuscany Private Estate, McKinley Hill, Taguig, Metro Manila, Philippines",14.5379392,121.0519093
The Venice Luxury Residences,"McKinley Hill, Taguig, Metro Manila","The Venice Luxury Residences, McKinley Hill, Taguig, Metro Manila, Philippines",14.5331906,121.0507124
The Florence Residence,"Bagong Tanyag, Taguig, Metro Manila","The Florence Residence, Bagong Tanyag, Taguig, Metro Manila, Philippines",14.4773218,121.0485599
Viceroy Residences,"Bagong Tanyag, Taguig, Metro Manila","Viceroy Residences, Bagong Tanyag, Taguig, Metro Manila, Philippines",14.5327212,121.0498396
Sonata Private Residences,"Wack-Wack Greenhills, Mandaluyong, Metro Manila","Sonata Private Residences, Wack-Wack Greenhills, Mandaluyong, Metro Manila, Philippines",14.5811993,121.0584824
The Proscenium,"Bangkal, Makati, Metro Manila","The Proscenium, Bangkal, Makati, Metro Manila, Philippines",14.5661112,121.0387092
Verve Residences,"BGC, Taguig, Metro Manila","Verve Residences, BGC, Taguig, Metro Manila, Philippines",14.5485374,121.0492615
The Ritz Tower,"Bel-Air, Makati, Metro Manila","The Ritz Tower, Bel-Air, Makati, Metro Manila, Philippines",14.5639339,121.0263428
THE AVANT AT THE FORT,"Bagong Tanyag, Taguig, Metro Manila","THE AVANT AT THE FORT, Bagong Tanyag, Taguig, Metro Manila, Philippines",14.5493202,121.0447529
KL Mosaic,"Bangkal, Makati, Metro Manila","KL Mosaic, Bangkal, Makati, Metro Manila, Philippines",14.5527285,121.0181729
Trump Tower Manila,"Metro Manila, Quezon City","Trump Tower Manila, Metro Manila, Quezon City, Philippines",14.565145,121.0283321
Signa Designer Residences,"Bel-Air, Makati, Metro Manila","Signa Designer Residences, Bel-Air, Makati, Metro Manila, Philippines",14.5592579,121.0190855
The Lerato,"Bel-Air, Makati, Metro Manila","The Lerato, Bel-Air, Makati, Metro Manila, Philippines",14.5625329,121.017317
The Grand Quartier,"Tugatog, Malabon, Metro Manila","The Grand Quartier, Tugatog, Malabon, Metro Manila, Philippines",14.6629184,120.9689892
Cypress Towers,"Bagong Tanyag, Taguig, Metro Manila","Cypress Towers, Bagong Tanyag, Taguig, Metro Manila, Philippines",14.5291784,121.0581887
Rosewood Pointe,"Ususan, Taguig, Metro Manila","Rosewood Pointe, Ususan, Taguig, Metro Manila, Philippines",14.5288577,121.062207
Forbeswood Heights,"Bagong Tanyag, Taguig, Metro Manila","Forbeswood Heights, Bagong Tanyag, Taguig, Metro Manila, Philippines",14.5512117,121.0445008
Crescent Park Residences,"Bagong Tanyag, Taguig, Metro Manila","Crescent Park Residences, Bagong Tanyag, Taguig, Metro Manila, Philippines",14.5533448,121.044305
Penhurst Park place,"Forbes Park North, Makati, Metro Manila","Penhurst Park place, Forbes Park North, Makati, Metro Manila, Philippines",14.5534781,121.0439466
Bonifacio Ridge,"BGC, Taguig, Metro Manila","Bonifacio Ridge, BGC, Taguig, Metro Manila, Philippines",14.5536946,121.0432419
Essensa Towers,"BGC, Taguig, Metro Manila","Essensa Towers, BGC, Taguig, Metro Manila, Philippines",14.5433218,121.0467543
mckinley hill garden villas,"Bagong Tanyag, Taguig, Metro Manila","mckinley hill garden villas, Bagong Tanyag, Taguig, Metro Manila, Philippines",14.4773218,121.0485599
Aic Gold Tower,"Bagong Ilog, Pasig, Metro Manila","Aic Gold Tower, Bagong Ilog, Pasig, Metro Manila, Philippines",14.5653911,121.06934
Cerritos East Residences,"Bagong Ilog, Pasig, Metro Manila","Cerritos East Residences, Bagong Ilog, Pasig, Metro Manila, Philippines",14.5653911,121.06934
East Ortigas Mansions,"Bagong Ilog, Pasig, Metro Manila","East Ortigas Mansions, Bagong Ilog, Pasig, Metro Manila, Philippines",14.5653911,121.06934
Renaissance Tower,"Ugong, Pasig, Metro Manila","Renaissance Tower, Ugong, Pasig, Metro Manila, Philippines",14.5813512,121.0650212
East Raya Garden,"Bagong Ilog, Pasig, Metro Manila","East Raya Garden, Bagong Ilog, Pasig, Metro Manila, Philippines",14.5653911,121.06934
Bali Oasis Phase,"Bagong Ilog, Pasig, Metro Manila","Bali Oasis Phase, Bagong Ilog, Pasig, Metro Manila, Philippines",14.5653911,121.06934
ADB Avenue Tower,"Bagong Ilog, Pasig, Metro Manila","ADB Avenue Tower, Bagong Ilog, Pasig, Metro Manila, Philippines",14.5653911,121.06934
Alexandra,"Bagong Ilog, Pasig, Metro Manila","Alexandra, Bagong Ilog, Pasig, Metro Manila, Philippines",14.5653911,121.06934
Kroma Tower,"San Lorenzo, Makati, Metro Manila","Kroma Tower, San Lorenzo, Makati, Metro Manila, Philippines",14.5586592,121.0168143
KL MALVAR Residences,"Bagong Ilog, Pasig, Metro Manila","KL MALVAR Residences, Bagong Ilog, Pasig, Metro Manila, Philippines",14.5653911,121.06934
Magnolia Place,"Talipapa, Quezon City, Metro Manila","Magnolia Place, Talipapa, Quezon City, Metro Manila, Philippines",14.67955,121.0235238
Mayfield Park Residences,"Rosario, Pasig, Metro Manila","Mayfield Park Residences, Rosario, Pasig, Metro Manila, Philippines",14.5931432,121.1076764
Rainbow Ridge,"Pinagsama, Taguig, Metro Manila","Rainbow Ridge, Pinagsama, Taguig, Metro Manila, Philippines",14.526548,121.052143
Raya Garden,"Barangay 76, Pasay, Metro Manila","Raya Garden, Barangay 76, Pasay, Metro Manila, Philippines",14.5451838,120.9924823
Joya South Tower,"Bangkal, Makati, Metro Manila","Joya South Tower, Bangkal, Makati, Metro Manila, Philippines",14.5459873,121.0137143
Francesca Tower 2,"Ramon Magsaysay, Quezon City, Metro Manila","Francesca Tower 2, Ramon Magsaysay, Quezon City, Metro Manila, Philippines",14.659539,121.022759
One Lafayette Square,"Bel-Air, Makati, Metro Manila","One Lafayette Square, Bel-Air, Makati, Metro Manila, Philippines",14.5590339,121.0219974
Hidalgo Place,"Rockwell, Makati, Metro Manila","Hidalgo Place, Rockwell, Makati, Metro Manila, Philippines",14.5637863,121.0350268
Salcedo Park,"Bel-Air, Makati, Metro Manila","Salcedo Park, Bel-Air, Makati, Metro Manila, Philippines",14.560039,121.022788
MPlace South Triangle,"Pasong Tamo, Quezon City, Metro Manila","MPlace South Triangle, Pasong Tamo, Quezon City, Metro Manila, Philippines",14.6793833,121.0593087
Parc Regent,"Bangkal, Makati, Metro Manila","Parc Regent, Bangkal, Makati, Metro Manila, Philippines",14.5459873,121.0137143
Manansala Rockwell,"Bangkal, Makati, Metro Manila","Manansala Rockwell, Bangkal, Makati, Metro Manila, Philippines",14.5640382,121.0381395
Edades Tower,"Rockwell, Makati, Metro Manila","Edades Tower, Rockwell, Makati, Metro Manila, Philippines",14.5664278,121.0364517
Makati Executive Towers,"Bangkal, Makati, Metro Manila","Makati Executive Towers, Bangkal, Makati, Metro Manila, Philippines",14.5459873,121.0137143
Hampton Gardens,"Bagong Ilog, Pasig, Metro Manila","Hampton Gardens, Bagong Ilog, Pasig, Metro Manila, Philippines",14.5653911,121.06934
The Columns,"Bangkal, Makati, Metro Manila","The Columns, Bangkal, Makati, Metro Manila, Philippines",14.5617318,121.0162631
Palmdale Hieghts,"Bagong Ilog, Pasig, Metro Manila","Palmdale Hieghts, Bagong Ilog, Pasig, Metro Manila, Philippines",14.5653911,121.06934
Illumina Residences,"Bagong Ilog, Pasig, Metro Manila","Illumina Residences, Bagong Ilog, Pasig, Metro Manila, Philippines",14.5653911,121.06934
The Grove,"Ugong, Pasig, Metro Manila","The Grove, Ugong, Pasig, Metro Manila, Philippines",14.5863374,121.0793396
Riverfront Residences,"Ugong, Pasig, Metro Manila","Riverfront Residences, Ugong, Pasig, Metro Manila, Philippines",14.5728789,121.0773131
Kasara Urban Resort,"Ugong, Pasig, Metro Manila","Kasara Urban Resort, Ugong, Pasig, Metro Manila, Philippines",14.5817871,121.0783535
D Ace Suites,"Bagong Ilog, Pasig, Metro Manila","D Ace Suites, Bagong Ilog, Pasig, Metro Manila, Philippines",14.5653911,121.06934
Centro Residences,"Kaunlaran, Quezon City, Metro Manila","Centro Residences, Kaunlaran, Quezon City, Metro Manila, Philippines",14.6171608,121.0453544
AMAIA SKIES AVENIDA,"Quiapo, Manila, Metro Manila","AMAIA SKIES AVENIDA, Quiapo, Manila, Metro Manila, Philippines",14.6049623,120.9814738
Amorsolo Square at Rockwell,"Rockwell, Makati, Metro Manila","Amorsolo Square at Rockwell, Rockwell, Makati, Metro Manila, Philippines",14.5655607,121.0355186
Venice Luxury Residences,"McKinley Hill, Taguig, Metro Manila","Venice Luxury Residences, McKinley Hill, Taguig, Metro Manila, Philippines",14.5331906,121.0507124
Fraser Place Manila,"Bangkal, Makati, Metro Manila","Fraser Place Manila, Bangkal, Makati, Metro Manila, Philippines",14.5597659,121.0257478
Belton Place Condo,"Bangkal, Makati, Metro Manila","Belton Place Condo, Bangkal, Makati, Metro Manila, Philippines",14.5616518,121.0117381
Vivant Flats,"Alabang, Muntinlupa, Metro Manila","Vivant Flats, Alabang, Muntinlupa, Metro Manila, Philippines",14.4136362,121.0364121
Presidio Lakefront,"Barangay 76, Pasay, Metro Manila","Presidio Lakefront, Barangay 76, Pasay, Metro Manila, Philippines",14.5451838,120.9924823
Two Serendra,"BGC, Taguig, Metro Manila","Two Serendra, BGC, Taguig, Metro Manila, Philippines",14.547616,121.0530835
Bellagio Towers,"BGC, Taguig, Metro Manila","Bellagio Towers, BGC, Taguig, Metro Manila, Philippines",14.5521427,121.0436897
Luxe Residences,"Bagong Tanyag, Taguig, Metro Manila","Luxe Residences, Bagong Tanyag, Taguig, Metro Manila, Philippines",14.4773218,121.0485599
Bonifacio Heights,"Bagong Tanyag, Taguig, Metro Manila","Bonifacio Heights, Bagong Tanyag, Taguig, Metro Manila, Philippines",14.4773218,121.0485599
Solemare Parksuites,"Metro Manila, Parañaque, Baclaran","Solemare Parksuites, Metro Manila, Parañaque, Baclaran, Philippines",14.5302555,120.9885253
South Residences,"Almanza Dos, Las Piñas, Metro Manila","South Residences, Almanza Dos, Las Piñas, Metro Manila, Philippines",14.402521,121.0077058
Mango Tree Residences,"Manila, Metro Manila","Mango Tree Residences, Manila, Metro Manila, Philippines",14.6070092,121.0344806
California Garden Square,"Addition Hills, Mandaluyong, Metro Manila","California Garden Square, Addition Hills, Mandaluyong, Metro Manila, Philippines",14.5791574,121.0475029
KASARA Urban Resort Residences,"Ugong, Pasig, Metro Manila","KASARA Urban Resort Residences, Ugong, Pasig, Metro Manila, Philippines",14.5817871,121.0783535
Dansalan Gardens,"Addition Hills, Mandaluyong, Metro Manila","Dansalan Gardens, Addition Hills, Mandaluyong, Metro Manila, Philippines",14.5794443,121.0359174
AMAIA STEPS SUCAT,"Barangay 76, Pasay, Metro Manila","AMAIA STEPS SUCAT, Barangay 76, Pasay, Metro Manila, Philippines",14.4626963,121.0245538
Mondrian Residences,"Alabang, Muntinlupa, Metro Manila","Mondrian Residences, Alabang, Muntinlupa, Metro Manila, Philippines",14.4190577,121.0353466
LaVie Flat,"Metro Manila, Muntinlupa","LaVie Flat, Metro Manila, Muntinlupa, Philippines",14.413244,121.0361993
Avida Tower Alabang,"Alabang, Muntinlupa, Metro Manila","Avida Tower Alabang, Alabang, Muntinlupa, Metro Manila, Philippines",14.4138056,121.0461921
Ohana Place,"Almanza Uno, Las Piñas, Metro Manila","Ohana Place, Almanza Uno, Las Piñas, Metro Manila, Philippines",14.4302311,121.01832
Almanza Metropolis,"Almanza Dos, Las Piñas, Metro Manila","Almanza Metropolis, Almanza Dos, Las Piñas, Metro Manila, Philippines",14.4359593,121.0126534
The Residential Resort At Newport City,"Malate, Manila, Metro Manila","The Residential Resort At Newport City, Malate, Manila, Metro Manila, Philippines",14.5244448,121.0129153
Pioneer Pointe,"Highway Hills, Mandaluyong, Metro Manila","Pioneer Pointe, Highway Hills, Mandaluyong, Metro Manila, Philippines",14.5719842,121.0542703
Lee Gardens,"Addition Hills, Mandaluyong, Metro Manila","Lee Gardens, Addition Hills, Mandaluyong, Metro Manila, Philippines",14.5878054,121.0462983
Tivoli Gardens Residences,"Addition Hills, Mandaluyong, Metro Manila","Tivoli Gardens Residences, Addition Hills, Mandaluyong, Metro Manila, Philippines",14.5829437,121.0378102
The St. Francis Shangri-La Place,"Addition Hills, Mandaluyong, Metro Manila","The St. Francis Shangri-La Place, Addition Hills, Mandaluyong, Metro Manila, Philippines",14.5829437,121.0378102
Soho Central,"Highway Hills, Mandaluyong, Metro Manila","Soho Central, Highway Hills, Mandaluyong, Metro Manila, Philippines",14.579243,121.0552847
Sycamore Tower Dansalan Gardens,"Malamig, Mandaluyong, Metro Manila","Sycamore Tower Dansalan Gardens, Malamig, Mandaluyong, Metro Manila, Philippines",14.5753154,121.0437537
GATEWAY GARDEN HEIGHTS (GGH),"Quiapo, Manila, Metro Manila","GATEWAY GARDEN HEIGHTS (GGH), Quiapo, Manila, Metro Manila, Philippines",14.570688,121.0488892
The Bonifacio Residences,"Addition Hills, Mandaluyong, Metro Manila","The Bonifacio Residences, Addition Hills, Mandaluyong, Metro Manila, Philippines",14.5829437,121.0378102
Acqua Private Residences,"Hulo, Mandaluyong, Metro Manila","Acqua Private Residences, Hulo, Mandaluyong, Metro Manila, Philippines",14.5682746,121.0360236
The Viceroy,"McKinley Hill, Taguig, Metro Manila","The Viceroy, McKinley Hill, Taguig, Metro Manila, Philippines",14.5371778,121.0553155
The Infinity,"Pinagsama, Taguig, Metro Manila","The Infinity, Pinagsama, Taguig, Metro Manila, Philippines",14.526548,121.052143
The Icon,"Tondo, Manila, Metro Manila","The Icon, Tondo, Manila, Metro Manila, Philippines",14.6205653,120.9659671
The Bellagio 3,"BGC, Taguig, Metro Manila","The Bellagio 3, BGC, Taguig, Metro Manila, Philippines",14.5515204,121.0437837
The Aston At Two Serendra,"Bagong Tanyag, Taguig, Metro Manila","The Aston At Two Serendra, Bagong Tanyag, Taguig, Metro Manila, Philippines",14.5468365,121.053565
Seibu Tower,"Bagong Tanyag, Taguig, Metro Manila","Seibu Tower, Bagong Tanyag, Taguig, Metro Manila, Philippines",14.4773218,121.0485599
Fort Palm Spring,"Bagong Tanyag, Taguig, Metro Manila","Fort Palm Spring, Bagong Tanyag, Taguig, Metro Manila, Philippines",14.5538789,121.0440344
Woodsville Viverde Mansion,"Tondo, Manila, Metro Manila","Woodsville Viverde Mansion, Tondo, Manila, Metro Manila, Philippines",14.6205653,120.9659671
Tribeca Private Residences,"Tondo, Manila, Metro Manila","Tribeca Private Residences, Tondo, Manila, Metro Manila, Philippines",14.6292875,120.9680806
Lions Park Residences,"Barangay 76, Pasay, Metro Manila","Lions Park Residences, Barangay 76, Pasay, Metro Manila, Philippines",14.5451838,120.9924823
Fountain Breeze,"Tondo, Manila, Metro Manila","Fountain Breeze, Tondo, Manila, Metro Manila, Philippines",14.6205653,120.9659671
MALATE BAYVIEW MANSION,"Tondo, Manila, Metro Manila","MALATE BAYVIEW MANSION, Tondo, Manila, Metro Manila, Philippines",14.5704987,120.9856156
BAYWATCH TOWER,"Malate, Manila, Metro Manila","BAYWATCH TOWER, Malate, Manila, Metro Manila, Philippines",14.5668536,120.9851716
Rada Regency,"Bangkal, Makati, Metro Manila","Rada Regency, Bangkal, Makati, Metro Manila, Philippines",14.5554443,121.0179608
Kingswood Square,"Bangkal, Makati, Metro Manila","Kingswood Square, Bangkal, Makati, Metro Manila, Philippines",14.5459873,121.0137143
THE GRAND MIDORI MAKATI,"San Lorenzo, Makati, Metro Manila","THE GRAND MIDORI MAKATI, San Lorenzo, Makati, Metro Manila, Philippines",14.5573882,121.0163975
The Manors at North Belton Communities,"Tondo, Manila, Metro Manila","The Manors at North Belton Communities, Tondo, Manila, Metro Manila, Philippines",14.6853799,121.0176234
Eton Residences Greenbelt,"San Lorenzo, Makati, Metro Manila","Eton Residences Greenbelt, San Lorenzo, Makati, Metro Manila, Philippines",14.553936,121.0203846
trump tower,"Metro Manila, Makati","trump tower, Metro Manila, Makati, Philippines",14.565145,121.0283321
Avida Towers Sucat,"Barangay 76, Pasay, Metro Manila","Avida Towers Sucat, Barangay 76, Pasay, Metro Manila, Philippines",14.5451838,120.9924823
BLUE SAPPHIRE RESIDENCES,"Pinagsama, Taguig, Metro Manila","BLUE SAPPHIRE RESIDENCES, Pinagsama, Taguig, Metro Manila, Philippines",14.5538172,121.0444236
The Columns Ayala Avenue,"Bel-Air, Makati, Metro Manila","The Columns Ayala Avenue, Bel-Air, Makati, Metro Manila, Philippines",14.5617318,121.0162631
Maple Place,"Bangkal, Makati, Metro Manila","Maple Place, Bangkal, Makati, Metro Manila, Philippines",14.5459873,121.0137143
Fairway Terraces,"Barangay 97, Pasay, Metro Manila","Fairway Terraces, Barangay 97, Pasay, Metro Manila, Philippines",14.5254642,121.024333
Greenbelt Hamilton Two,"Bangkal, Makati, Metro Manila","Greenbelt Hamilton Two, Bangkal, Makati, Metro Manila, Philippines",14.5459873,121.0137143
Antel Spa Residences,"Bangkal, Makati, Metro Manila","Antel Spa Residences, Bangkal, Makati, Metro Manila, Philippines",14.5663724,121.0291347
Laureano di Trevi Towers,"Bangkal, Makati, Metro Manila","Laureano di Trevi Towers, Bangkal, Makati, Metro Manila, Philippines",14.5490105,121.01389
BSA Tower,"Bangkal, Makati, Metro Manila","BSA Tower, Bangkal, Makati, Metro Manila, Philippines",14.5459873,121.0137143
Manansala Tower,"Bangkal, Makati, Metro Manila","Manansala Tower, Bangkal, Makati, Metro Manila, Philippines",14.5640382,121.0381395
Avida Towers San Lorenzo,"Bangkal, Makati, Metro Manila","Avida Towers San Lorenzo, Bangkal, Makati, Metro Manila, Philippines",14.5502266,121.0129415
One Central Makati,"Bangkal, Makati, Metro Manila","One Central Makati, Bangkal, Makati, Metro Manila, Philippines",14.5459873,121.0137143
Amorsolo Square,"Rockwell, Makati, Metro Manila","Amorsolo Square, Rockwell, Makati, Metro Manila, Philippines",14.5652474,121.0356712
One Rockwell,"Rockwell, Makati, Metro Manila","One Rockwell, Rockwell, Makati, Metro Manila, Philippines",14.5634222,121.0383925
The Columns At Legaspi Village,"San Lorenzo, Makati, Metro Manila","The Columns At Legaspi Village, San Lorenzo, Makati, Metro Manila, Philippines",14.5617318,121.0162631
The Beacon,"Bangkal, Makati, Metro Manila","The Beacon, Bangkal, Makati, Metro Manila, Philippines",14.5515696,121.0144134
Palmetto Place,"Bangkal, Makati, Metro Manila","Palmetto Place, Bangkal, Makati, Metro Manila, Philippines",14.5459873,121.0137143
Fairway Tarraces,"Tugatog, Malabon, Metro Manila","Fairway Tarraces, Tugatog, Malabon, Metro Manila, Philippines",14.6629184,120.9689892
Fortune Hill,"Addition Hills, San Juan, Metro Manila","Fortune Hill, Addition Hills, San Juan, Metro Manila, Philippines",14.5933873,121.0387956
South Insula,"Sacred Heart, Quezon City, Metro Manila","South Insula, Sacred Heart, Quezon City, Metro Manila, Philippines",14.6347791,121.0364736
The Salcedo Park Condominum,"Bel-Air, Makati, Metro Manila","The Salcedo Park Condominum, Bel-Air, Makati, Metro Manila, Philippines",14.5617799,121.0244256
Asia Enclaves,"Alabang, Muntinlupa, Metro Manila","Asia Enclaves, Alabang, Muntinlupa, Metro Manila, Philippines",14.4055591,121.0472066
Solano Hills,"Alabang, Muntinlupa, Metro Manila","Solano Hills, Alabang, Muntinlupa, Metro Manila, Philippines",14.4181972,121.0421102
Arezzo Place,"Bagong Ilog, Pasig, Metro Manila","Arezzo Place, Bagong Ilog, Pasig, Metro Manila, Philippines",14.5653911,121.06934
ETON EMERALD LOFTS,"San Antonio, Pasig, Metro Manila","ETON EMERALD LOFTS, San Antonio, Pasig, Metro Manila, Philippines",14.5882999,121.0624436
BELTON PLACE,"Bangkal, Makati, Metro Manila","BELTON PLACE, Bangkal, Makati, Metro Manila, Philippines",14.5616518,121.0117381
Eton Parkview Greenbelt,"Bangkal, Makati, Metro Manila","Eton Parkview Greenbelt, Bangkal, Makati, Metro Manila, Philippines",14.5533422,121.0173408
8 ADRIATICO,"Malate, Manila, Metro Manila","8 ADRIATICO, Malate, Manila, Metro Manila, Philippines",14.5616728,120.9918895
One Archers Place,"Malate, Manila, Metro Manila","One Archers Place, Malate, Manila, Metro Manila, Philippines",14.5669253,120.9929855
Eton Baypark Manila,"Tondo, Manila, Metro Manila","Eton Baypark Manila, Tondo, Manila, Metro Manila, Philippines",14.5798051,120.9778181
Acqua Living Stone,"Hulo, Mandaluyong, Metro Manila","Acqua Living Stone, Hulo, Mandaluyong, Metro Manila, Philippines",14.5682037,121.0366861
Aqua Iguazu,"Addition Hills, Mandaluyong, Metro Manila","Aqua Iguazu, Addition Hills, Mandaluyong, Metro Manila, Philippines",14.5829437,121.0378102
Century Spire Makati,"Poblacion, Makati, Metro Manila","Century Spire Makati, Poblacion, Makati, Metro Manila, Philippines",14.5663749,121.0278423
Penthouse Unit in Acqua Livingstone,"Hulo, Mandaluyong, Metro Manila","Penthouse Unit in Acqua Livingstone, Hulo, Mandaluyong, Metro Manila, Philippines",14.5682037,121.0366861
Suntrust Shanata,"Talipapa, Quezon City, Metro Manila","Suntrust Shanata, Talipapa, Quezon City, Metro Manila, Philippines",14.6815478,121.0197921
SUNTRUST AMADEA,"Paligsahan, Quezon City, Metro Manila","SUNTRUST AMADEA, Paligsahan, Quezon City, Metro Manila, Philippines",14.6362185,121.025406
Suntrust Capitol Plaza,"Central, Quezon City, Metro Manila","Suntrust Capitol Plaza, Central, Quezon City, Metro Manila, Philippines",14.6450494,121.0506283
AURORA GARDENS,"Addition Hills, Mandaluyong, Metro Manila","AURORA GARDENS, Addition Hills, Mandaluyong, Metro Manila, Philippines",14.5828261,121.0467893
Suntrust Asmara,"Damayang Lagi, Quezon City, Metro Manila","Suntrust Asmara, Damayang Lagi, Quezon City, Metro Manila, Philippines",14.6210676,121.0227487
KIRANA,"Bagong Ilog, Pasig, Metro Manila","KIRANA, Bagong Ilog, Pasig, Metro Manila, Philippines",14.5634245,121.0679737
SUNTRUST TREETOP VILLAS,"Hulo, Mandaluyong, Metro Manila","SUNTRUST TREETOP VILLAS, Hulo, Mandaluyong, Metro Manila, Philippines",14.5747802,121.0269139
Suntrust Solana,"Ermita, Manila, Metro Manila","Suntrust Solana, Ermita, Manila, Metro Manila, Philippines",14.590495,120.985482
SUNTRUST ASCENTIA,"Santa Ana, Manila, Metro Manila","SUNTRUST ASCENTIA, Santa Ana, Manila, Metro Manila, Philippines",14.5828711,121.0150538
SUNTRUST ADRIATICO GARDENS,"Malate, Manila, Metro Manila","SUNTRUST ADRIATICO GARDENS, Malate, Manila, Metro Manila, Philippines",14.5645634,120.9902214
The Rise Makati,"San Antonio, Makati, Metro Manila","The Rise Makati, San Antonio, Makati, Metro Manila, Philippines",14.5622312,121.0133797
One Shangrila Place,"Metro Manila, Mandaluyong","One Shangrila Place, Metro Manila, Mandaluyong, Philippines",14.5820522,121.0557985
AMA TOWER RESIDENCES,"Wack-Wack Greenhills, Mandaluyong, Metro Manila","AMA TOWER RESIDENCES, Wack-Wack Greenhills, Mandaluyong, Metro Manila, Philippines",14.5909552,121.0572934
Victoria de Manila,"Malate, Manila, Metro Manila","Victoria de Manila, Malate, Manila, Metro Manila, Philippines",14.575072,120.9887617
The A.Venue Suites,"Bangkal, Makati, Metro Manila","The A.Venue Suites, Bangkal, Makati, Metro Manila, Philippines",14.5659625,121.0288668
Antel Spa Suites,"Poblacion, Makati, Metro Manila","Antel Spa Suites, Poblacion, Makati, Metro Manila, Philippines",14.5663352,121.0289857
Serenity Suites,"Poblacion, Makati, Metro Manila","Serenity Suites, Poblacion, Makati, Metro Manila, Philippines",14.5661416,121.0289928
Skyway Twin Towers,"Oranbo, Pasig, Metro Manila","Skyway Twin Towers, Oranbo, Pasig, Metro Manila, Philippines",14.5736863,121.0667695
My Place at South Triangle,"South Triangle, Quezon City, Metro Manila","My Place at South Triangle, South Triangle, Quezon City, Metro Manila, Philippines",14.6376898,121.0349434
My Place at Ortigas,"Ugong, Pasig, Metro Manila","My Place at Ortigas, Ugong, Pasig, Metro Manila, Philippines",14.5901598,121.0818858
Chateau Elysee,"Don Bosco, Parañaque, Metro Manila","Chateau Elysee, Don Bosco, Parañaque, Metro Manila, Philippines",14.4899905,121.0202079
Berkeley Residences,"Loyola Heights, Quezon City, Metro Manila","Berkeley Residences, Loyola Heights, Quezon City, Metro Manila, Philippines",14.6446188,121.0740867
Juez Residences,"Maysilo, Malabon, Metro Manila","Juez Residences, Maysilo, Malabon, Metro Manila, Philippines",14.6756945,120.9629704
Space Taft,"Malate, Manila, Metro Manila","Space Taft, Malate, Manila, Metro Manila, Philippines",14.5715494,120.9912842
Zitan,"Addition Hills, Mandaluyong, Metro Manila","Zitan, Addition Hills, Mandaluyong, Metro Manila, Philippines",14.5829437,121.0378102
Twin Oaks Place,"Wack-Wack Greenhills, Mandaluyong, Metro Manila","Twin Oaks Place, Wack-Wack Greenhills, Mandaluyong, Metro Manila, Philippines",14.5787672,121.0558619
San Lorenzo Place,"Bangkal, Makati, Metro Manila","San Lorenzo Place, Bangkal, Makati, Metro Manila, Philippines",14.5420963,121.0187478
The Rochester,"San Joaquin, Pasig, Metro Manila","The Rochester, San Joaquin, Pasig, Metro Manila, Philippines",14.5528167,121.0773558
Victoria de Morato,"Ramon Magsaysay, Quezon City, Metro Manila","Victoria de Morato, Ramon Magsaysay, Quezon City, Metro Manila, Philippines",14.6364954,121.0364155
Victoria de Malate,"Malate, Manila, Metro Manila","Victoria de Malate, Malate, Manila, Metro Manila, Philippines",14.5750838,120.9942031
Isabelle de Valenzuela,"Isla, Valenzuela, Metro Manila","Isabelle de Valenzuela, Isla, Valenzuela, Metro Manila, Philippines",14.6767991,120.9800051
Victoria Sports Tower,"South Triangle, Quezon City, Metro Manila","Victoria Sports Tower, South Triangle, Quezon City, Metro Manila, Philippines",14.636086,121.04254
Victoria de Makati,"Pio Del Pilar, Makati, Metro Manila","Victoria de Makati, Pio Del Pilar, Makati, Metro Manila, Philippines",14.5580854,121.0105067
Fort Victoria,"BGC, Taguig, Metro Manila","Fort Victoria, BGC, Taguig, Metro Manila, Philippines",14.547009,121.0453912
Victoria Towers,"Paligsahan, Quezon City, Metro Manila","Victoria Towers, Paligsahan, Quezon City, Metro Manila, Philippines",14.6361959,121.0278558
Little Baguio Terraces,"Ermitaño, San Juan, Metro Manila","Little Baguio Terraces, Ermitaño, San Juan, Metro Manila, Philippines",14.6102392,121.0303782
Pioneer Woodlands,"Barangka Ilaya, Mandaluyong, Metro Manila","Pioneer Woodlands, Barangka Ilaya, Mandaluyong, Metro Manila, Philippines",14.5727432,121.0481746
Kasara,"Ugong, Pasig, Metro Manila","Kasara, Ugong, Pasig, Metro Manila, Philippines",14.5817871,121.0783535
Vivaldi Residences - Cubao,"Socorro, Quezon City, Metro Manila","Vivaldi Residences - Cubao, Socorro, Quezon City, Metro Manila, Philippines",14.6210911,121.0506544
Siena Park Residences,"Sun Valley, Parañaque, Metro Manila","Siena Park Residences, Sun Valley, Parañaque, Metro Manila, Philippines",14.4882988,121.0407531
Milan Residenze,"Bagbag, Quezon City, Metro Manila","Milan Residenze, Bagbag, Quezon City, Metro Manila, Philippines",14.696793,121.0378102
Maricielo Villas,"Pulang Lupa Uno, Las Piñas, Metro Manila","Maricielo Villas, Pulang Lupa Uno, Las Piñas, Metro Manila, Philippines",14.4682726,120.9701955
Levina Place,"Rosario, Pasig, Metro Manila","Levina Place, Rosario, Pasig, Metro Manila, Philippines",14.5814814,121.0921329
Arista Place,"Santo Niño, Parañaque, Metro Manila","Arista Place, Santo Niño, Parañaque, Metro Manila, Philippines",14.5054824,120.9957485
Asteria Residences,"San Isidro, Parañaque, Metro Manila","Asteria Residences, San Isidro, Parañaque, Metro Manila, Philippines",14.4675841,121.004846
Mirea Residences,"Santolan, Pasig, Metro Manila","Mirea Residences, Santolan, Pasig, Metro Manila, Philippines",14.614892,121.0913989
Zinnia Towers,"Katipunan, Quezon City, Metro Manila","Zinnia Towers, Katipunan, Quezon City, Metro Manila, Philippines",14.6572591,121.0162764
Viera Residences,"Obrero, Quezon City, Metro Manila","Viera Residences, Obrero, Quezon City, Metro Manila, Philippines",14.6279498,121.0318974
Torre De Manila,"Ermita, Manila, Metro Manila","Torre De Manila, Ermita, Manila, Metro Manila, Philippines",14.5850705,120.9846455
Tivoli Garden Residences,"Hulo, Mandaluyong, Metro Manila","Tivoli Garden Residences, Hulo, Mandaluyong, Metro Manila, Philippines",14.5725275,121.0299407
The Amaryllis,"Mariana, Quezon City, Metro Manila","The Amaryllis, Mariana, Quezon City, Metro Manila, Philippines",14.6239236,121.0331161
Stellar Place,"Bahay Toro, Quezon City, Metro Manila","Stellar Place, Bahay Toro, Quezon City, Metro Manila, Philippines",14.6680958,121.0429537
Sorrel Residences,"Manila, Metro Manila","Sorrel Residences, Manila, Metro Manila, Philippines",14.6037217,121.0155866
Sheridan Towers,"Buayang Bato, Mandaluyong, Metro Manila","Sheridan Towers, Buayang Bato, Mandaluyong, Metro Manila, Philippines",14.5703871,121.0522235
Viridian in Greenhills,"Greenhills, San Juan, Metro Manila","Viridian in Greenhills, Greenhills, San Juan, Metro Manila, Philippines",14.6014932,121.0525728
Rhapsody Residences,"Buli, Muntinlupa, Metro Manila","Rhapsody Residences, Buli, Muntinlupa, Metro Manila, Philippines",14.4457262,121.045973
One Castilla Place,"Pasong Tamo, Quezon City, Metro Manila","One Castilla Place, Pasong Tamo, Quezon City, Metro Manila, Philippines",14.6107327,121.0348987
Grand Riviera Suites,"Ermita, Manila, Metro Manila","Grand Riviera Suites, Ermita, Manila, Metro Manila, Philippines",14.576666,120.9796555
Lumiere Residences,"Bagong Ilog, Pasig, Metro Manila","Lumiere Residences, Bagong Ilog, Pasig, Metro Manila, Philippines",14.5695891,121.0665511
La Verti Residences,"Pasay, Metro Manila","La Verti Residences, Pasay, Metro Manila, Philippines",14.5564398,120.9956354
Illumina Residences Manila,"Santa Mesa, Manila, Metro Manila","Illumina Residences Manila, Santa Mesa, Manila, Metro Manila, Philippines",14.5956339,121.0207456
Flair Towers,"Highway Hills, Mandaluyong, Metro Manila","Flair Towers, Highway Hills, Mandaluyong, Metro Manila, Philippines",14.5751783,121.0516097
Brio Tower,"Guadalupe Viejo, Makati, Metro Manila","Brio Tower, Guadalupe Viejo, Makati, Metro Manila, Philippines",14.5629618,121.0425589
Verawood Residences,"Bambang, Taguig, Metro Manila","Verawood Residences, Bambang, Taguig, Metro Manila, Philippines",14.5193574,121.0662806
Ivory Wood,"Bambang, Taguig, Metro Manila","Ivory Wood, Bambang, Taguig, Metro Manila, Philippines",14.5210897,121.0635071
Royal Palm Residences,"Ususan, Taguig, Metro Manila","Royal Palm Residences, Ususan, Taguig, Metro Manila, Philippines",14.5265727,121.0638089
W.H. Taft Residences,"Malate, Manila, Metro Manila","W.H. Taft Residences, Malate, Manila, Metro Manila, Philippines",14.5659284,120.9934328
The Birchwood,"Ususan, Taguig, Metro Manila","The Birchwood, Ususan, Taguig, Metro Manila, Philippines",14.5322062,121.066474
Anuva,"Sucat, Muntinlupa, Metro Manila","Anuva, Sucat, Muntinlupa, Metro Manila, Philippines",14.4427612,121.0458815
The Manila Residences Bocobo,"Ermita, Manila, Metro Manila","The Manila Residences Bocobo, Ermita, Manila, Metro Manila, Philippines",14.579649,120.9818293
The Manila Residences Tower II,"Malate, Manila, Metro Manila","The Manila Residences Tower II, Malate, Manila, Metro Manila, Philippines",14.5669879,120.9935919
The Manila Residences Tower I,"Malate, Manila, Metro Manila","The Manila Residences Tower I, Malate, Manila, Metro Manila, Philippines",14.5666638,120.9935365
Mandaluyong Executive Mansion III,"Namayan, Mandaluyong, Metro Manila","Mandaluyong Executive Mansion III, Namayan, Mandaluyong, Metro Manila, Philippines",14.5795651,121.0240012
Grand Central Residences Tower I,"Highway Hills, Mandaluyong, Metro Manila","Grand Central Residences Tower I, Highway Hills, Mandaluyong, Metro Manila, Philippines",14.5808956,121.0528154
Pines Peak Tower I,"Highway Hills, Mandaluyong, Metro Manila","Pines Peak Tower I, Highway Hills, Mandaluyong, Metro Manila, Philippines",14.574429,121.0505278
North Residences,"Veterans Village, Quezon City, Metro Manila","North Residences, Veterans Village, Quezon City, Metro Manila, Philippines",14.6570094,121.0220208
Windsor Mansion,"Santolan, Pasig, Metro Manila","Windsor Mansion, Santolan, Pasig, Metro Manila, Philippines",14.6127937,121.0882132
Brentwood Mansion,"Santolan, Pasig, Metro Manila","Brentwood Mansion, Santolan, Pasig, Metro Manila, Philippines",14.6125224,121.0877995
Grand Emerald Tower,"San Antonio, Pasig, Metro Manila","Grand Emerald Tower, San Antonio, Pasig, Metro Manila, Philippines",14.5884314,121.0615479
Makati Executive Tower IV,"Pio Del Pilar, Makati, Metro Manila","Makati Executive Tower IV, Pio Del Pilar, Makati, Metro Manila, Philippines",14.5577447,121.0081611
Makati Executive Tower III,"Pio Del Pilar, Makati, Metro Manila","Makati Executive Tower III, Pio Del Pilar, Makati, Metro Manila, Philippines",14.5579163,121.0086605
Orchard Towers,"Bagong Ilog, Pasig, Metro Manila","Orchard Towers, Bagong Ilog, Pasig, Metro Manila, Philippines",14.5653911,121.06934
Neopolitan Condominiums,"Fairview, Quezon City, Metro Manila","Neopolitan Condominiums, Fairview, Quezon City, Metro Manila, Philippines",14.6992403,121.065041
Garden Towers,"San Lorenzo, Makati, Metro Manila","Garden Towers, San Lorenzo, Makati, Metro Manila, Philippines",14.5494582,121.0249072
East Gallery Place,"BGC, Taguig, Metro Manila","East Gallery Place, BGC, Taguig, Metro Manila, Philippines",14.5488603,121.0522573
East Bel-Air Residences,"Tondo, Manila, Metro Manila","East Bel-Air Residences, Tondo, Manila, Metro Manila, Philippines",14.6205653,120.9659671
Grand Residences España 2,"Manila, Metro Manila","Grand Residences España 2, Manila, Metro Manila, Philippines",14.6104426,120.9924071
Sky Villas,"Kaunlaran, Quezon City, Metro Manila","Sky Villas, Kaunlaran, Quezon City, Metro Manila, Philippines",14.6151583,121.0397839
Park Terraces,"San Lorenzo, Makati, Metro Manila","Park Terraces, San Lorenzo, Makati, Metro Manila, Philippines",14.5506307,121.0237662
Al Khor Town Homes,"Batis, San Juan, Metro Manila","Al Khor Town Homes, Batis, San Juan, Metro Manila, Philippines",14.5997945,121.0270991
Avida Towers BGC 9TH Avenue,"Metro Manila, Taguig","Avida Towers BGC 9TH Avenue, Metro Manila, Taguig, Philippines",14.5603976,121.0548386
Lancris Residences,"Don Bosco, Parañaque, Metro Manila","Lancris Residences, Don Bosco, Parañaque, Metro Manila, Philippines",14.4753955,121.0281159
Avida Towers Altura,"Metro Manila, Muntinlupa, Alabang","Avida Towers Altura, Metro Manila, Muntinlupa, Alabang, Philippines",14.4141234,121.0463665
Avida Towers Alabang,"Metro Manila, Muntinlupa, Alabang","Avida Towers Alabang, Metro Manila, Muntinlupa, Alabang, Philippines",14.427023,121.0264803
Avida Towers 34th Street,"Metro Manila, Taguig","Avida Towers 34th Street, Metro Manila, Taguig, Philippines",14.5544779,121.0546345
Avida Cityflex Towers BGC,"Metro Manila, Taguig, BGC","Avida Cityflex Towers BGC, Metro Manila, Taguig, BGC, Philippines",14.5563597,121.0502568
101 Newport BLVD,"Barangay 183, Pasay, Metro Manila","101 Newport BLVD, Barangay 183, Pasay, Metro Manila, Philippines",14.5237733,121.0129988
Noble Place,"Binondo, Manila, Metro Manila","Noble Place, Binondo, Manila, Metro Manila, Philippines",14.5968848,120.9753589
150 Newport BLVD,"Barangay 183, Pasay, Metro Manila","150 Newport BLVD, Barangay 183, Pasay, Metro Manila, Philippines",14.5238317,121.0134284
81 Newport BLVD,"Barangay 183, Pasay, Metro Manila","81 Newport BLVD, Barangay 183, Pasay, Metro Manila, Philippines",14.522868,121.0137567
The Palm Tree 2,"Malate, Manila, Metro Manila","The Palm Tree 2, Malate, Manila, Metro Manila, Philippines",14.5578821,120.9892453
Greenbelt Hamilton Tower 2,"San Lorenzo, Makati, Metro Manila","Greenbelt Hamilton Tower 2, San Lorenzo, Makati, Metro Manila, Philippines",14.5560862,121.0162585
The Palm Tree,"Barangay 183, Pasay, Metro Manila","The Palm Tree, Barangay 183, Pasay, Metro Manila, Philippines",14.5214542,121.0153525
Paseo Heights,"Urdaneta, Makati, Metro Manila","Paseo Heights, Urdaneta, Makati, Metro Manila, Philippines",14.5588397,121.0278566
Salcedo Skysuites,"Bel-Air, Makati, Metro Manila","Salcedo Skysuites, Bel-Air, Makati, Metro Manila, Philippines",14.56153,121.0233661
Three Central,"Bel-Air, Makati, Metro Manila","Three Central, Bel-Air, Makati, Metro Manila, Philippines",14.5602848,121.0177549
Viceroy,"Bagong Tanyag, Taguig, Metro Manila","Viceroy, Bagong Tanyag, Taguig, Metro Manila, Philippines",14.4773218,121.0485599
The Florence,"McKinley Hill, Taguig, Metro Manila","The Florence, McKinley Hill, Taguig, Metro Manila, Philippines",14.5332986,121.0494297
Uptown Parksuites,"BGC, Taguig, Metro Manila","Uptown Parksuites, BGC, Taguig, Metro Manila, Philippines",14.5583103,121.0532179
Avida Towers One Union Place,"Metro Manila, Taguig, Western Bicutan","Avida Towers One Union Place, Metro Manila, Taguig, Western Bicutan, Philippines",14.5029325,121.0476261
The Venice,"Bagong Tanyag, Taguig, Metro Manila","The Venice, Bagong Tanyag, Taguig, Metro Manila, Philippines",14.5335431,121.0498228
GOLFHILL GARDENS,"Ramon Magsaysay, Quezon City, Metro Manila","GOLFHILL GARDENS, Ramon Magsaysay, Quezon City, Metro Manila, Philippines",14.6677675,121.0827899
Avida Towers Astrea,"Metro Manila, Quezon City, Fairview","Avida Towers Astrea, Metro Manila, Quezon City, Fairview, Philippines",14.6992403,121.065041
Bay Garden,"Barangay 76, Pasay, Metro Manila","Bay Garden, Barangay 76, Pasay, Metro Manila, Philippines",14.5410495,120.9903294
Escalades East Tower,"Pasong Tamo, Quezon City, Metro Manila","Escalades East Tower, Pasong Tamo, Quezon City, Metro Manila, Philippines",14.6252291,121.0609035
The Parkside Villas,"Barangay 183, Pasay, Metro Manila","The Parkside Villas, Barangay 183, Pasay, Metro Manila, Philippines",14.5193052,121.0206069
Trees Residences,"Kaligayahan, Quezon City, Metro Manila","Trees Residences, Kaligayahan, Quezon City, Metro Manila, Philippines",14.7380272,121.0478433
Sun Residences,"Salvacion, Quezon City, Metro Manila","Sun Residences, Salvacion, Quezon City, Metro Manila, Philippines",14.6262261,120.9940847
Shore Residences,"Barangay 76, Pasay, Metro Manila","Shore Residences, Barangay 76, Pasay, Metro Manila, Philippines",14.5413669,120.9853729
Shine Residences,"Ugong, Pasig, Metro Manila","Shine Residences, Ugong, Pasig, Metro Manila, Philippines",14.5821946,121.0650672
Shell Residences,"Barangay 76, Pasay, Metro Manila","Shell Residences, Barangay 76, Pasay, Metro Manila, Philippines",14.5368863,120.9864432
Mezza 2 Residences,"Doña Imelda, Quezon City, Metro Manila","Mezza 2 Residences, Doña Imelda, Quezon City, Metro Manila, Philippines",14.6067555,121.0187558
M Place Residences,"South Triangle, Quezon City, Metro Manila","M Place Residences, South Triangle, Quezon City, Metro Manila, Philippines",14.639805,121.0330963
Princeton Residences,"Mariana, Quezon City, Metro Manila","Princeton Residences, Mariana, Quezon City, Metro Manila, Philippines",14.6133,121.034078
Sea Residences SMDC,"Barangay 76, Pasay, Metro Manila","Sea Residences SMDC, Barangay 76, Pasay, Metro Manila, Philippines",14.5336103,120.9862683
Mezza Residences,"Kaunlaran, Quezon City, Metro Manila","Mezza Residences, Kaunlaran, Quezon City, Metro Manila, Philippines",14.6178933,121.0464101
Light Residences,"Addition Hills, Mandaluyong, Metro Manila","Light Residences, Addition Hills, Mandaluyong, Metro Manila, Philippines",14.5829437,121.0378102
Grace Residences,"Bagong Tanyag, Taguig, Metro Manila","Grace Residences, Bagong Tanyag, Taguig, Metro Manila, Philippines",14.4773218,121.0485599
Chateau Residences,"Don Bosco, Parañaque, Metro Manila","Chateau Residences, Don Bosco, Parañaque, Metro Manila, Philippines",14.4874747,121.0211725
Breeze Residences,"Barangay 76, Pasay, Metro Manila","Breeze Residences, Barangay 76, Pasay, Metro Manila, Philippines",14.5451838,120.9924823
Times Square West,"BGC, Taguig, Metro Manila","Times Square West, BGC, Taguig, Metro Manila, Philippines",14.5596081,121.0516897
Madison Park,"Bagong Tanyag, Taguig, Metro Manila","Madison Park, Bagong Tanyag, Taguig, Metro Manila, Philippines",14.4773218,121.0485599
One Wilson Square,"Greenhills, San Juan, Metro Manila","One Wilson Square, Greenhills, San Juan, Metro Manila, Philippines",14.6009486,121.047602
Central Park West,"BGC, Taguig, Metro Manila","Central Park West, BGC, Taguig, Metro Manila, Philippines",14.5582999,121.0517219
Six Senses,"Malate, Manila, Metro Manila","Six Senses, Malate, Manila, Metro Manila, Philippines",14.6102858,120.9680869
Grand Hyatt Manila Residences,"BGC, Taguig, Metro Manila","Grand Hyatt Manila Residences, BGC, Taguig, Metro Manila, Philippines",14.5575286,121.052148
The Grand Midori Ortigas,"San Antonio, Pasig, Metro Manila","The Grand Midori Ortigas, San Antonio, Pasig, Metro Manila, Philippines",14.5834474,121.0616683
Four Season Riviera,"Binondo, Manila, Metro Manila","Four Season Riviera, Binondo, Manila, Metro Manila, Philippines",14.5964609,120.9731022
Senta,"San Lorenzo, Makati, Metro Manila","Senta, San Lorenzo, Makati, Metro Manila, Philippines",14.5549166,121.0169081
The Capital,"E. Rodriguez, Quezon City, Metro Manila","The Capital, E. Rodriguez, Quezon City, Metro Manila, Philippines",14.633254,121.018895
Paseo De Roces,"Pio Del Pilar, Makati, Metro Manila","Paseo De Roces, Pio Del Pilar, Makati, Metro Manila, Philippines",14.5563198,121.0135698
Celadon Park,"Santa Cruz, Manila, Metro Manila","Celadon Park, Santa Cruz, Manila, Metro Manila, Philippines",14.6196084,120.985891
Oriental Garden,"Pio Del Pilar, Makati, Metro Manila","Oriental Garden, Pio Del Pilar, Makati, Metro Manila, Philippines",14.5585897,121.0123367
The Proscenium at Rockwell,"Poblacion, Makati, Metro Manila","The Proscenium at Rockwell, Poblacion, Makati, Metro Manila, Philippines",14.5661112,121.0387092
Jazz Residences,"Bel-Air, Makati, Metro Manila","Jazz Residences, Bel-Air, Makati, Metro Manila, Philippines",14.563092,121.0218149
Green Residences,"Malate, Manila, Metro Manila","Green Residences, Malate, Manila, Metro Manila, Philippines",14.5678088,120.9925388
Blue Residences,"Apad, Quezon, Quezon","Blue Residences, Apad, Quezon, Quezon, Philippines",14.0454245,122.1020397
Field Residences,"San Dionisio, Parañaque, Metro Manila","Field Residences, San Dionisio, Parañaque, Metro Manila, Philippines",14.4813862,120.9928326
The Sandstone at Portico,"Oranbo, Pasig, Metro Manila","The Sandstone at Portico, Oranbo, Pasig, Metro Manila, Philippines",14.5744864,121.065444
Fame Residences,"Highway Hills, Mandaluyong, Metro Manila","Fame Residences, Highway Hills, Mandaluyong, Metro Manila, Philippines",14.577868,121.0520959
Air Residences,"San Antonio, Makati, Metro Manila","Air Residences, San Antonio, Makati, Metro Manila, Philippines",14.5623517,121.0145708
Escalades at 20th Avenue,"Pasong Tamo, Quezon City, Metro Manila","Escalades at 20th Avenue, Pasong Tamo, Quezon City, Metro Manila, Philippines",14.6793833,121.0593087
Gateway Garden Ridge,"Plainview, Mandaluyong, Metro Manila","Gateway Garden Ridge, Plainview, Mandaluyong, Metro Manila, Philippines",14.5794443,121.0359174
The Pearl Place,"Metro Manila, Pasig","The Pearl Place, Metro Manila, Pasig, Philippines",14.579206,121.05949
City Place,"San Nicolas, Manila, Metro Manila","City Place, San Nicolas, Manila, Metro Manila, Philippines",14.6046363,120.9726869
Sarasota,"Barangay 183, Pasay, Metro Manila","Sarasota, Barangay 183, Pasay, Metro Manila, Philippines",14.5224763,121.0160696
One Central,"Urdaneta, Makati, Metro Manila","One Central, Urdaneta, Makati, Metro Manila, Philippines",14.5557562,121.0292097
8 Forbestown Centre,"BGC, Taguig, Metro Manila","8 Forbestown Centre, BGC, Taguig, Metro Manila, Philippines",14.5518382,121.0440563
Vista 309 Katipunan,"Loyola Heights, Quezon City, Metro Manila","Vista 309 Katipunan, Loyola Heights, Quezon City, Metro Manila, Philippines",14.6383382,121.0742969
Vista Taft,"Malate, Manila, Metro Manila","Vista Taft, Malate, Manila, Metro Manila, Philippines",14.5628972,120.9946655
Camella Glenmont,"Metro Manila, Quezon City, Sauyo","Camella Glenmont, Metro Manila, Quezon City, Sauyo, Philippines",14.6941708,121.0535484
Morgan Suites,"Pinagsama, Taguig, Metro Manila","Morgan Suites, Pinagsama, Taguig, Metro Manila, Philippines",14.5331541,121.049065
115 Upper Mckinley,"Forbes Park North, Makati, Metro Manila","115 Upper Mckinley, Forbes Park North, Makati, Metro Manila, Philippines",14.5384933,121.0536581
One Central Park,"Bagumbayan, Quezon City, Metro Manila","One Central Park, Bagumbayan, Quezon City, Metro Manila, Philippines",14.6108772,121.0794294
Salcedo Square,"San Lorenzo, Makati, Metro Manila","Salcedo Square, San Lorenzo, Makati, Metro Manila, Philippines",14.553294,121.025582
Vista Shaw,"Addition Hills, Mandaluyong, Metro Manila","Vista Shaw, Addition Hills, Mandaluyong, Metro Manila, Philippines",14.5882873,121.0460084
Mosaic,"Valenzuela, Makati, Metro Manila","Mosaic, Valenzuela, Makati, Metro Manila, Philippines",14.571361,121.0241925
The Symphony Towers,"Binagbag, Agdangan, Quezon","The Symphony Towers, Binagbag, Agdangan, Quezon, Philippines",13.8589435,121.9416226
The Currency,"San Antonio, Pasig, Metro Manila","The Currency, San Antonio, Pasig, Metro Manila, Philippines",14.5845844,121.0620632
Laureano Di Trevi,"Pio Del Pilar, Makati, Metro Manila","Laureano Di Trevi, Pio Del Pilar, Makati, Metro Manila, Philippines",14.5490105,121.01389
Crown Tower,"Manila, Metro Manila","Crown Tower, Manila, Metro Manila, Philippines",14.605359,120.9896093
KL Tower,"Valenzuela, Makati, Metro Manila","KL Tower, Valenzuela, Makati, Metro Manila, Philippines",14.571361,121.0241925
Avant at The Fort,"BGC, Taguig, Metro Manila","Avant at The Fort, BGC, Taguig, Metro Manila, Philippines",14.5493202,121.0447529
Sorrento Oasis,"Rosario, Pasig, Metro Manila","Sorrento Oasis, Rosario, Pasig, Metro Manila, Philippines",14.5881186,121.0896853
Maui Oasis,"Maybunga, Pasig, Metro Manila","Maui Oasis, Maybunga, Pasig, Metro Manila, Philippines",14.5768761,121.0879674
Capri Oasis,"Maybunga, Pasig, Metro Manila","Capri Oasis, Maybunga, Pasig, Metro Manila, Philippines",14.5808395,121.0826643
Bali Oasis Phase 2,"Santolan, Pasig, Metro Manila","Bali Oasis Phase 2, Santolan, Pasig, Metro Manila, Philippines",14.6209459,121.0909652
Asiana Oasis,"Moonwalk, Parañaque, Metro Manila","Asiana Oasis, Moonwalk, Parañaque, Metro Manila, Philippines",14.494569,121.0053597
The Signature,"Pag-Ibig Sa Nayon, Quezon City, Metro Manila","The Signature, Pag-Ibig Sa Nayon, Quezon City, Metro Manila, Philippines",14.6452923,120.9953394
100 West Makati,"Pio Del Pilar, Makati, Metro Manila","100 West Makati, Pio Del Pilar, Makati, Metro Manila, Philippines",14.5584322,121.0098588
Studio A,"Loyola Heights, Quezon City, Metro Manila","Studio A, Loyola Heights, Quezon City, Metro Manila, Philippines",14.6344883,121.0731133
Studio Zen,"Barangay 33, Pasay, Metro Manila","Studio Zen, Barangay 33, Pasay, Metro Manila, Philippines",14.5593832,120.995863
Solemare Parksuites Phase One,"Metro Manila, Parañaque","Solemare Parksuites Phase One, Metro Manila, Parañaque, Philippines",14.5302555,120.9885253
Mayfair Tower,"Ermita, Manila, Metro Manila","Mayfair Tower, Ermita, Manila, Metro Manila, Philippines",14.5800456,120.9805966
Dream Tower,"Bagumbayan, Quezon City, Metro Manila","Dream Tower, Bagumbayan, Quezon City, Metro Manila, Philippines",14.6050191,121.0810428
Oxford Parksuites,"Metro Manila, Manila, Tondo","Oxford Parksuites, Metro Manila, Manila, Tondo, Philippines",14.6074388,120.9784512
Princeview Parksuites,"Metro Manila, Manila, Binondo","Princeview Parksuites, Metro Manila, Manila, Binondo, Philippines",14.5979546,120.9760185
Aspire Tower,"Pasong Tamo, Quezon City, Metro Manila","Aspire Tower, Pasong Tamo, Quezon City, Metro Manila, Philippines",14.6051599,121.080565
Monarch Parksuites,"Metro Manila, Parañaque, Baclaran","Monarch Parksuites, Metro Manila, Parañaque, Baclaran, Philippines",14.5295643,120.9854747
The Infinity Tower,"Pinagsama, Taguig, Metro Manila","The Infinity Tower, Pinagsama, Taguig, Metro Manila, Philippines",14.5472085,121.0513889
Clairemont Hills,"Corazon de Jesus, San Juan, Metro Manila","Clairemont Hills, Corazon de Jesus, San Juan, Metro Manila, Philippines",14.606923,121.0324471
Solemare Parksuites Phase 2,"Don Bosco, Parañaque, Metro Manila","Solemare Parksuites Phase 2, Don Bosco, Parañaque, Metro Manila, Philippines",14.4823431,121.0179115
Fifth Avenue Place,"BGC, Taguig, Metro Manila","Fifth Avenue Place, BGC, Taguig, Metro Manila, Philippines",14.5490236,121.0469176
McKinley Park Residences,"BGC, Taguig, Metro Manila","McKinley Park Residences, BGC, Taguig, Metro Manila, Philippines",14.5535432,121.0468132
Robinsons Place Residence,"Quiapo, Manila, Metro Manila","Robinsons Place Residence, Quiapo, Manila, Metro Manila, Philippines",14.5781939,120.9832863
The Fort Residences,"BGC, Taguig, Metro Manila","The Fort Residences, BGC, Taguig, Metro Manila, Philippines",14.5533719,121.0447773
Three Adriatico Place,"Ermita, Manila, Metro Manila","Three Adriatico Place, Ermita, Manila, Metro Manila, Philippines",14.5754741,120.983353
Vimana Verde Residences,"Oranbo, Pasig, Metro Manila","Vimana Verde Residences, Oranbo, Pasig, Metro Manila, Philippines",14.5774912,121.0673182
Two Adriatico Place,"Quiapo, Manila, Metro Manila","Two Adriatico Place, Quiapo, Manila, Metro Manila, Philippines",14.5749609,120.9837504
One Gateway Place,"Barangka Ilaya, Mandaluyong, Metro Manila","One Gateway Place, Barangka Ilaya, Mandaluyong, Metro Manila, Philippines",14.5711297,121.049075
East Of Galeria,"San Antonio, Pasig, Metro Manila","East Of Galeria, San Antonio, Pasig, Metro Manila, Philippines",14.5884375,121.0606114
One Adriatico Place,"Quiapo, Manila, Metro Manila","One Adriatico Place, Quiapo, Manila, Metro Manila, Philippines",14.5745307,120.9838456
Gateway Regency Studios,"Barangka Ilaya, Mandaluyong, Metro Manila","Gateway Regency Studios, Barangka Ilaya, Mandaluyong, Metro Manila, Philippines",14.5703125,121.0490625
The Trion Towers III,"BGC, Taguig, Metro Manila","The Trion Towers III, BGC, Taguig, Metro Manila, Philippines",14.5460967,121.0495991
The Radiance Manila Bay,"Barangay 3, Pasay, Metro Manila","The Radiance Manila Bay, Barangay 3, Pasay, Metro Manila, Philippines",14.5577652,120.9886078
The Magnolia Residences,"Kaunlaran, Quezon City, Metro Manila","The Magnolia Residences, Kaunlaran, Quezon City, Metro Manila, Philippines",14.6138356,121.0384865
The Sapphire Bloc  – South Tower,"San Antonio, Pasig, Metro Manila","The Sapphire Bloc  – South Tower, San Antonio, Pasig, Metro Manila, Philippines",14.5876781,121.0625095
Gateway Garden Heights,"Barangka Ilaya, Mandaluyong, Metro Manila","Gateway Garden Heights, Barangka Ilaya, Mandaluyong, Metro Manila, Philippines",14.5705462,121.0487839
